"id","name","num_song","duration",
"1","Animi id.","38","0",
"10","Asperiores id ducimus.","68","0",
"100","Assumenda harum.","25","0",
"101","Est quibusdam aut.","56","0",
"102","Suscipit molestiae.","74","0",
"103","Eveniet est.","71","0",
"104","Distinctio iusto.","27","0",
"105","Aut aut eos.","3","0",
"106","Voluptates commodi.","95","0",
"107","Exercitationem corporis.","84","0",
"108","Non et.","35","0",
"109","Quis sit sit.","37","0",
"11","Voluptas ullam ut.","14","0",
"110","In reiciendis.","17","0",
"111","Sit voluptates et.","56","0",
"112","Esse voluptatem.","69","0",
"113","Eum aut similique.","29","0",
"114","Impedit est.","45","0",
"115","Maiores minus.","48","0",
"116","Placeat tenetur.","24","0",
"117","Et aut debitis.","14","0",
"118","Mollitia omnis.","24","0",
"119","Et eveniet.","89","0",
"12","Sint saepe sit.","70","0",
"120","Ea beatae.","17","0",
"121","Quia nam praesentium.","84","0",
"122","Distinctio asperiores.","67","0",
"123","Ipsum et qui.","79","0",
"124","Ex quo.","99","0",
"125","Et dolor quae.","64","0",
"126","Asperiores sit.","71","0",
"127","Dolore molestiae delectus.","36","0",
"128","Dolores praesentium veniam.","4","0",
"129","Similique a mollitia.","48","0",
"13","Incidunt exercitationem.","78","0",
"130","Sunt esse.","27","0",
"131","Saepe reprehenderit nemo.","52","0",
"132","Fuga libero.","72","0",
"133","Accusamus eligendi aspernatur.","56","0",
"134","Possimus dicta.","54","0",
"135","Esse enim modi.","34","0",
"136","Aut quia.","7","0",
"137","Debitis ab aspernatur.","95","0",
"138","Impedit tenetur sed.","34","0",
"139","Optio debitis.","76","0",
"14","Quis nihil ut.","100","0",
"140","Pariatur corrupti.","55","0",
"141","Qui dolor.","40","0",
"142","Id facere.","97","0",
"143","Est hic.","99","0",
"144","Qui ad aperiam.","3","0",
"145","Et quia.","30","0",
"146","Et et adipisci.","9","0",
"147","Recusandae omnis corporis.","64","0",
"148","Nemo ab.","4","0",
"149","Nihil aperiam eaque.","39","0",
"15","Velit quo.","68","0",
"150","Ut modi unde.","30","0",
"151","Occaecati quo.","7","0",
"152","Non et.","77","0",
"153","Dolores qui.","98","0",
"154","Rerum qui.","6","0",
"155","Et voluptas cupiditate.","36","0",
"156","Id aut.","34","0",
"157","Eius ab at.","83","0",
"158","Consequatur iste qui.","13","0",
"159","Culpa cum.","72","0",
"16","Amet et et.","96","0",
"160","Hic beatae.","4","0",
"161","Eaque et.","73","0",
"162","Beatae saepe voluptate.","72","0",
"163","Consequuntur voluptates.","30","0",
"164","Et fuga ut.","13","0",
"165","Porro voluptatem.","54","0",
"166","Accusantium vel.","51","0",
"167","Reiciendis aut et.","57","0",
"168","Sint omnis.","69","0",
"169","Rerum sint.","6","0",
"17","Est minus repellendus.","100","0",
"170","Est nesciunt veniam.","77","0",
"171","Rerum amet molestiae.","9","0",
"172","Fugit fugit est.","74","0",
"173","Praesentium modi.","59","0",
"174","Quam facilis asperiores.","30","0",
"175","Sit sequi.","48","0",
"176","Velit quis.","34","0",
"177","Vero similique consequuntur.","39","0",
"178","Iusto ex.","43","0",
"179","Doloribus alias praesentium.","49","0",
"18","Et ipsam.","30","0",
"180","Veniam ipsa.","63","0",
"181","Incidunt consequatur quaerat.","75","0",
"182","Similique officiis ipsa.","20","0",
"183","Error non.","56","0",
"184","Suscipit animi.","53","0",
"185","Culpa voluptatem.","71","0",
"186","Quam quisquam.","73","0",
"187","Animi quibusdam nobis.","69","0",
"188","A qui.","10","0",
"189","Qui voluptatem qui.","29","0",
"19","Optio ducimus incidunt.","19","0",
"190","Voluptatem quod.","5","0",
"191","Delectus qui.","28","0",
"192","Quidem ullam repellat.","52","0",
"193","Voluptatem velit.","87","0",
"194","Reprehenderit repellendus.","42","0",
"195","Et consequuntur.","67","0",
"196","Quasi placeat sapiente.","39","0",
"197","Et eum est.","40","0",
"198","Saepe vitae non.","77","0",
"199","Deleniti corporis voluptas.","36","0",
"2","Cupiditate facere odio.","0","0",
"20","Necessitatibus ipsa et.","1","0",
"200","Quo natus.","0","0",
"201","Sequi modi.","97","0",
"202","Quod inventore ut.","98","0",
"203","Delectus consequuntur.","14","0",
"204","Voluptatibus voluptatum.","59","0",
"205","Quam eius.","19","0",
"206","Saepe eum.","99","0",
"207","Nostrum porro et.","73","0",
"208","Magnam velit.","67","0",
"209","Culpa quisquam.","31","0",
"21","Amet eaque error.","54","0",
"210","Aut dolor.","36","0",
"211","Et nisi exercitationem.","42","0",
"212","Illo tempora voluptas.","46","0",
"213","Voluptatum nulla.","15","0",
"214","Quia molestiae.","25","0",
"215","Totam qui.","61","0",
"216","Numquam sint voluptatum.","11","0",
"217","Ea a saepe.","19","0",
"218","Et similique.","75","0",
"219","Quis nihil consequatur.","84","0",
"22","Tempora et.","92","0",
"220","Eius aspernatur.","26","0",
"221","Iure et harum.","29","0",
"222","Ut aut.","27","0",
"223","Eum eaque suscipit.","78","0",
"224","Sed voluptate.","21","0",
"225","Aperiam dignissimos.","56","0",
"226","Dolores dolor.","78","0",
"227","At rerum et.","15","0",
"228","Veniam expedita occaecati.","69","0",
"229","Quo at.","5","0",
"23","Quis incidunt recusandae.","75","0",
"230","Officia itaque aut.","17","0",
"231","Eos consectetur nulla.","20","0",
"232","Nesciunt amet.","27","0",
"233","Necessitatibus debitis qui.","86","0",
"234","Autem dolores aspernatur.","47","0",
"235","Voluptatem voluptate deserunt.","50","0",
"236","Officiis eum asperiores.","48","0",
"237","Nesciunt cum pariatur.","87","0",
"238","Quam autem quibusdam.","40","0",
"239","Corrupti maxime nesciunt.","77","0",
"24","Dicta minus.","11","0",
"240","Commodi est numquam.","66","0",
"241","Beatae quisquam.","32","0",
"242","Quis sed odio.","99","0",
"243","Laborum repudiandae.","18","0",
"244","Nihil maiores modi.","3","0",
"245","Voluptatem est soluta.","99","0",
"246","Blanditiis est enim.","4","0",
"247","Voluptatem veniam dolores.","5","0",
"248","Sint distinctio molestiae.","9","0",
"249","Deserunt qui quod.","0","0",
"25","Et beatae asperiores.","14","0",
"250","Minus perferendis.","77","0",
"251","Id blanditiis id.","23","0",
"252","Velit aut nulla.","50","0",
"253","Ut nulla voluptatem.","52","0",
"254","Odit non iste.","3","0",
"255","Laudantium dignissimos.","16","0",
"256","In omnis.","83","0",
"257","Voluptatum ea aliquid.","22","0",
"258","Earum eaque.","90","0",
"259","At nulla dolor.","99","0",
"26","Qui temporibus.","97","0",
"260","Voluptas laborum voluptas.","13","0",
"261","Velit quos provident.","3","0",
"262","Consequatur iure officiis.","76","0",
"263","Harum saepe aut.","72","0",
"264","Odit dolorem.","10","0",
"265","Eius non.","35","0",
"266","Dolor eum.","82","0",
"267","Unde omnis.","64","0",
"268","Odio id commodi.","97","0",
"269","Molestias eveniet.","16","0",
"27","Expedita exercitationem aut.","75","0",
"270","Dolorum voluptatibus qui.","60","0",
"271","Minima voluptatem.","21","0",
"272","Cupiditate omnis.","22","0",
"273","Adipisci aspernatur omnis.","20","0",
"274","Adipisci aliquam.","97","0",
"275","Modi impedit.","40","0",
"276","Aut quae a.","68","0",
"277","Sed eveniet.","80","0",
"278","Dolor minima doloribus.","80","0",
"279","Hic aut.","82","0",
"28","Cumque sed aut.","98","0",
"280","Eum qui.","20","0",
"281","Voluptatum repellat sit.","81","0",
"282","Sit suscipit.","54","0",
"283","Eaque modi aliquid.","97","0",
"284","Qui voluptatem sequi.","56","0",
"285","Ut sapiente.","45","0",
"286","Tempora et.","35","0",
"287","Aliquam provident.","86","0",
"288","Aut quia exercitationem.","25","0",
"289","Ipsam laboriosam voluptas.","70","0",
"29","Quisquam repellendus voluptas.","10","0",
"290","Sed est fugit.","92","0",
"291","Quam non.","49","0",
"292","Eos omnis.","14","0",
"293","Nam est consequatur.","42","0",
"294","Consectetur fuga.","100","0",
"295","Deserunt dolorem.","55","0",
"296","Aut sed vitae.","82","0",
"297","Quia tempora.","84","0",
"298","Dolorum dolorum.","28","0",
"299","Beatae enim praesentium.","70","0",
"3","Sapiente ut qui.","94","0",
"30","Impedit alias.","54","0",
"300","Vel aliquid.","48","0",
"301","Id adipisci eos.","15","0",
"302","Non eum.","43","0",
"303","Voluptas sunt.","10","0",
"304","Quo dolor.","87","0",
"305","Qui qui.","82","0",
"306","Qui quia veniam.","75","0",
"307","Quam saepe rerum.","98","0",
"308","Harum occaecati voluptates.","67","0",
"309","Dolore enim alias.","9","0",
"31","Modi ut.","52","0",
"310","Dolorum qui.","9","0",
"311","Et sed.","4","0",
"312","Et quia quibusdam.","76","0",
"313","Ipsum vero.","12","0",
"314","Accusantium labore nam.","2","0",
"315","Repellat accusantium.","98","0",
"316","Eum architecto sunt.","7","0",
"317","Autem officiis similique.","99","0",
"318","Ab et nobis.","99","0",
"319","Nisi voluptate.","28","0",
"32","Alias consectetur excepturi.","20","0",
"320","Soluta omnis rerum.","92","0",
"321","Tenetur sequi temporibus.","94","0",
"322","Nesciunt accusantium.","95","0",
"323","Tempora est.","86","0",
"324","Sed distinctio.","49","0",
"325","Ut voluptatum.","33","0",
"326","Assumenda modi hic.","99","0",
"327","Ut nihil.","74","0",
"328","Iure amet est.","76","0",
"329","Quasi reprehenderit distinctio.","93","0",
"33","Animi occaecati libero.","5","0",
"330","Omnis quas eius.","6","0",
"331","Aut hic nihil.","3","0",
"332","Quam eos.","45","0",
"333","Nihil explicabo.","98","0",
"334","Ex et non.","6","0",
"335","Totam occaecati assumenda.","33","0",
"336","Qui earum id.","45","0",
"337","Cupiditate esse officiis.","36","0",
"338","Quae itaque qui.","17","0",
"339","Culpa maiores.","2","0",
"34","Qui illum et.","15","0",
"340","Quod ut.","96","0",
"341","Porro odio qui.","89","0",
"342","Eligendi architecto.","40","0",
"343","Et est.","41","0",
"344","Quisquam animi ab.","51","0",
"345","Temporibus voluptas.","19","0",
"346","Quas unde.","18","0",
"347","Repellat distinctio beatae.","88","0",
"348","Quo explicabo recusandae.","69","0",
"349","Aut ut ut.","97","0",
"35","Aut dolores.","87","0",
"350","Quia voluptas ea.","99","0",
"351","Molestiae sequi.","87","0",
"352","Vel voluptatem.","49","0",
"353","Repellat esse.","53","0",
"354","Quaerat sapiente ut.","57","0",
"355","Dolor quas.","3","0",
"356","Blanditiis qui et.","95","0",
"357","Voluptas et.","97","0",
"358","Consequatur quasi.","12","0",
"359","Consequatur et fugit.","75","0",
"36","Magnam officiis quo.","10","0",
"360","Vel iste.","67","0",
"361","Corporis at.","16","0",
"362","Laborum dolores veniam.","14","0",
"363","Totam nemo.","25","0",
"364","Ipsam ut.","5","0",
"365","Omnis quos inventore.","28","0",
"366","Ipsam nisi.","0","0",
"367","Aspernatur qui nihil.","63","0",
"368","Quibusdam et iste.","77","0",
"369","Ut id beatae.","9","0",
"37","Accusantium ut voluptatibus.","65","0",
"370","Perferendis deserunt eos.","92","0",
"371","Doloribus eum.","39","0",
"372","Quia odio voluptatem.","72","0",
"373","Fuga quod.","67","0",
"374","Vero ullam quia.","28","0",
"375","Quasi fugit suscipit.","22","0",
"376","Sequi fugit et.","73","0",
"377","Laudantium quia.","7","0",
"378","Occaecati minima tempore.","31","0",
"379","Qui dolore.","80","0",
"38","Qui cupiditate.","35","0",
"380","Earum est iure.","0","0",
"381","Eveniet eum ipsam.","39","0",
"382","Omnis adipisci.","59","0",
"383","Sed voluptate consequatur.","16","0",
"384","Omnis provident velit.","35","0",
"385","Velit sunt.","84","0",
"386","Aperiam eos.","72","0",
"387","Ullam at.","95","0",
"388","Qui qui.","56","0",
"389","Sapiente magnam.","0","0",
"39","Quasi molestiae.","4","0",
"390","Aspernatur doloremque.","26","0",
"391","Natus cumque.","41","0",
"392","Sit iste.","52","0",
"393","Vero mollitia officiis.","66","0",
"394","Blanditiis est ab.","76","0",
"395","Et nostrum perspiciatis.","89","0",
"396","Architecto molestiae voluptates.","8","0",
"397","Accusantium et et.","27","0",
"398","Asperiores saepe.","45","0",
"399","Incidunt qui.","25","0",
"4","Dignissimos cumque.","25","0",
"40","Rerum dolor.","37","0",
"400","Aspernatur culpa qui.","93","0",
"401","Nisi iure qui.","54","0",
"402","Voluptatem natus laudantium.","15","0",
"403","In dolor recusandae.","55","0",
"404","Qui labore.","72","0",
"405","Illo aliquid sit.","54","0",
"406","Vero quis.","56","0",
"407","Hic harum.","70","0",
"408","Maiores dicta dolorum.","52","0",
"409","Quam facilis odio.","86","0",
"41","Tenetur consequatur id.","53","0",
"410","Ea est.","4","0",
"411","Aut quibusdam.","35","0",
"412","Enim ducimus deserunt.","97","0",
"413","Illum nam ea.","90","0",
"414","Dolorum facilis et.","79","0",
"415","Quis deleniti.","1","0",
"416","Adipisci dolor.","21","0",
"417","Quia optio.","63","0",
"418","Natus perferendis.","67","0",
"419","Dolorem amet.","42","0",
"42","Illum rerum.","75","0",
"420","In atque.","42","0",
"421","Aut labore.","38","0",
"422","Earum quo.","51","0",
"423","Velit facilis voluptatem.","38","0",
"424","Omnis mollitia a.","60","0",
"425","Nemo ea a.","15","0",
"426","Saepe libero.","70","0",
"427","Maxime itaque.","76","0",
"428","Laborum et.","27","0",
"429","Amet voluptatem.","27","0",
"43","Explicabo voluptates at.","70","0",
"430","Non blanditiis perferendis.","3","0",
"431","Vel est.","96","0",
"432","Non laborum.","30","0",
"433","Minus omnis sequi.","97","0",
"434","Itaque et et.","57","0",
"435","Eum quisquam reiciendis.","2","0",
"436","Ducimus rerum veniam.","74","0",
"437","Et minima.","71","0",
"438","Sit ducimus.","62","0",
"439","Unde debitis.","74","0",
"44","Libero et.","68","0",
"440","Consectetur excepturi dolores.","16","0",
"441","Illum exercitationem in.","59","0",
"442","Dolorum incidunt.","31","0",
"443","Tempora dolorem.","26","0",
"444","Voluptatem numquam et.","60","0",
"445","Veniam ipsam cumque.","74","0",
"446","Veritatis velit.","27","0",
"447","Modi dolor aliquid.","75","0",
"448","Ea quidem.","45","0",
"449","Rerum consequuntur.","2","0",
"45","Nihil a eligendi.","93","0",
"450","Voluptatibus error dolorem.","79","0",
"451","Omnis et.","55","0",
"452","Ut aperiam.","18","0",
"453","In iste suscipit.","0","0",
"454","Consequuntur et ut.","20","0",
"455","Consequatur quia.","69","0",
"456","Aut sed.","66","0",
"457","Qui neque dolores.","71","0",
"458","Expedita vel enim.","11","0",
"459","Reprehenderit dicta qui.","12","0",
"46","Magni saepe.","22","0",
"460","Quia velit dolores.","60","0",
"461","Rerum deserunt.","73","0",
"462","Necessitatibus et quisquam.","46","0",
"463","Vitae voluptatibus quasi.","6","0",
"464","Omnis voluptatem.","86","0",
"465","Quia commodi.","66","0",
"466","Ipsa eligendi laboriosam.","75","0",
"467","Provident similique atque.","66","0",
"468","Porro id esse.","48","0",
"469","Et dolores itaque.","83","0",
"47","Expedita natus.","40","0",
"470","Nulla rerum.","73","0",
"471","Minima ratione.","53","0",
"472","Deleniti eos.","76","0",
"473","Sed quasi.","78","0",
"474","Aliquid enim quia.","8","0",
"475","Facilis et omnis.","85","0",
"476","Quae provident modi.","97","0",
"477","Qui aut voluptas.","58","0",
"478","Nam voluptas.","67","0",
"479","Voluptate doloribus nemo.","59","0",
"48","Rerum vel maxime.","72","0",
"480","Earum dignissimos voluptas.","99","0",
"481","Est facere.","33","0",
"482","Nisi ut occaecati.","84","0",
"483","Corrupti ea et.","49","0",
"484","Nemo doloremque adipisci.","42","0",
"485","Nostrum voluptatibus.","35","0",
"486","Consequatur hic magni.","46","0",
"487","Facilis voluptatem in.","87","0",
"488","Accusantium veritatis harum.","69","0",
"489","Incidunt excepturi sed.","32","0",
"49","Quam dolorum amet.","14","0",
"490","Fugit placeat.","1","0",
"491","Amet culpa.","99","0",
"492","Voluptatem autem.","34","0",
"493","Possimus quam aut.","74","0",
"494","Ut quia.","81","0",
"495","In esse.","3","0",
"496","Aperiam aliquid.","5","0",
"497","Alias aut saepe.","86","0",
"498","Totam velit delectus.","21","0",
"499","Quo qui.","83","0",
"5","Voluptatum rerum qui.","66","0",
"50","Amet placeat.","93","0",
"500","Quos et.","60","0",
"51","Officia alias.","15","0",
"52","Aliquam expedita.","50","0",
"53","Fugiat omnis.","94","0",
"54","Minima veritatis.","91","0",
"55","Asperiores voluptatibus cumque.","45","0",
"56","Repellat aut at.","91","0",
"57","Repellendus eum incidunt.","52","0",
"58","Maiores hic expedita.","75","0",
"59","Quam consequuntur esse.","24","0",
"6","Consequatur laborum.","83","0",
"60","Eos facere.","89","0",
"61","Dicta accusantium inventore.","42","0",
"62","Quia velit eos.","81","0",
"63","Numquam rem.","50","0",
"64","Harum voluptas.","84","0",
"65","Magni fugiat.","82","0",
"66","Aut quo.","96","0",
"67","Labore quibusdam distinctio.","93","0",
"68","Fuga sunt recusandae.","19","0",
"69","Et blanditiis quo.","47","0",
"7","Amet dolor.","32","0",
"70","Sed velit error.","50","0",
"71","Labore repudiandae quis.","72","0",
"72","Corporis iste neque.","2","0",
"73","Quidem labore iure.","1","0",
"74","Aperiam voluptatibus nobis.","51","0",
"75","Quibusdam assumenda eligendi.","48","0",
"76","Tempora labore.","82","0",
"77","Dolor libero.","54","0",
"78","Exercitationem sed velit.","54","0",
"79","Fuga omnis.","89","0",
"8","Omnis odio.","57","0",
"80","Aliquid aut.","34","0",
"81","Corporis ut.","63","0",
"82","Aut enim.","50","0",
"83","Repellat delectus labore.","61","0",
"84","Delectus ratione.","100","0",
"85","Earum dolores at.","16","0",
"86","Itaque animi corrupti.","72","0",
"87","Necessitatibus quo.","58","0",
"88","Perspiciatis ipsa adipisci.","51","0",
"89","Laborum enim.","20","0",
"9","Quod temporibus sunt.","84","0",
"90","Accusamus magnam consequatur.","62","0",
"91","Officiis vel.","21","0",
"92","Odit rerum aspernatur.","61","0",
"93","Non voluptatum.","76","0",
"94","Vitae expedita.","29","0",
"95","Assumenda distinctio.","82","0",
"96","Voluptatibus ipsum sint.","67","0",
"97","Rerum pariatur.","27","0",
"98","Adipisci mollitia.","62","0",
"99","Porro molestias praesentium.","32","0",
