"id","title","genre","duration","listeners",
"1","Eum blanditiis animi.","Quam.","656832361","749183",
"10","Quia at.","Dolores a.","1200778167","480504",
"100","Saepe et.","Quibusdam.","1440183146","238359",
"101","Dolor quia.","Sed necessitatibus.","1208955654","858068",
"102","Atque atque.","Aut.","645525383","510537",
"103","Dolorem nobis.","Enim.","895986825","827308",
"104","Qui et.","Et minima.","889284367","116035",
"105","Velit accusamus expedita.","Voluptas.","1103698869","876378",
"106","Quo qui.","Qui.","1028754435","450591",
"107","Quia autem nostrum.","Quo.","164249384","239697",
"108","Veritatis enim aliquam.","Qui voluptatem.","1363334070","858501",
"109","Impedit sint illum.","Amet et.","441856334","715209",
"11","Qui autem id.","Rerum pariatur.","1050484962","422570",
"110","Quasi dicta dolor.","Voluptatem.","1438700165","398499",
"111","A incidunt et.","Et.","1650969448","519263",
"112","Atque cumque.","Assumenda qui.","164057155","11906",
"113","Exercitationem qui in.","Neque qui.","1676248986","290621",
"114","Nihil autem odio.","Ipsum ipsum.","316697293","446782",
"115","Maxime quia.","Amet.","1225794985","615897",
"116","Distinctio quasi qui.","Repellat.","1430917212","177160",
"117","Inventore soluta exercitationem.","Molestiae voluptatibus.","1209719255","417318",
"118","Aut eos dolores.","Dolor.","1144808612","403603",
"119","Quod dolorum.","Rerum sit.","395121926","158407",
"12","Suscipit id rerum.","Enim.","689771298","483454",
"120","Repudiandae quia.","Autem.","1190191791","835621",
"121","Dolores officiis in.","Occaecati qui.","1203208824","162880",
"122","Recusandae nostrum.","Excepturi et.","814349414","309761",
"123","Veniam possimus.","Consequatur.","397138071","592798",
"124","Ea et quo.","Exercitationem.","1327973385","116717",
"125","Praesentium et eum.","Voluptatem.","621348814","369556",
"126","Quasi quod omnis.","Nemo fuga.","966040515","665942",
"127","Et fugiat expedita.","Ea.","640238648","114824",
"128","Ad natus.","Deleniti.","1575167215","99785",
"129","Quae expedita omnis.","Excepturi.","494116584","108457",
"13","Autem nulla error.","Voluptates.","183684803","4580",
"130","Adipisci velit.","Fugit.","439888943","790827",
"131","Qui molestiae repellat.","A laborum.","723817082","602775",
"132","Sit quam minima.","Quia.","1419882617","849653",
"133","Alias quia tempore.","Quis eius.","1665907973","744969",
"134","Sed et.","Sit tenetur.","635866445","745022",
"135","Praesentium rerum vitae.","Sint quam.","624572269","465332",
"136","Omnis esse.","Aut quaerat.","1500970224","317326",
"137","Reprehenderit dolor.","Ratione.","11193566","905751",
"138","Nihil laudantium.","Rem.","1551484589","526680",
"139","Ut dolorem iste.","Id quidem.","1273170661","894856",
"14","Impedit deserunt cum.","Et dolores.","411615310","749832",
"140","Et rerum.","Dolorum.","1468931380","160120",
"141","Enim qui.","Ex magni.","303565282","176281",
"142","Ducimus harum sunt.","At ea.","662283917","430460",
"143","Voluptas provident voluptatem.","Quia.","1654339734","613260",
"144","Laudantium dolores.","Eum et.","534553149","787813",
"145","Eveniet voluptas velit.","Consectetur.","1397864212","73419",
"146","Facere dolor.","Numquam.","1687577688","276514",
"147","Est inventore dolores.","Repudiandae totam.","831366625","402654",
"148","Accusantium ut.","Et et.","266196175","671575",
"149","Eum nisi adipisci.","Et.","344391547","277022",
"15","Earum quis.","Qui.","982892913","126291",
"150","Harum quasi laboriosam.","Itaque quae.","201804877","94329",
"151","Eveniet iure.","Laborum autem.","52935997","636077",
"152","Quam doloremque ea.","Commodi.","63926787","235314",
"153","Dolores explicabo.","Qui.","1283050872","129771",
"154","Facilis eius corrupti.","Asperiores.","1309322210","156052",
"155","Qui aspernatur amet.","Autem iure.","1053853914","576039",
"156","Et et.","Non quia.","514183582","201186",
"157","Necessitatibus provident.","Id aut.","89606134","441605",
"158","Aspernatur dolores ut.","Ducimus necessitatibus.","857129696","947554",
"159","Aliquam qui.","In.","300141914","711022",
"16","Similique accusamus.","Officiis.","602012662","390051",
"160","Eius voluptatum.","Non autem.","1499831178","230131",
"161","Nulla dignissimos qui.","Veritatis.","68998098","181773",
"162","Voluptatum commodi.","Excepturi itaque.","384725108","442405",
"163","Sed ipsam.","Quisquam.","942751544","18672",
"164","Consequuntur libero quam.","Illum.","503795287","128934",
"165","Suscipit occaecati.","Maxime.","1528475723","917003",
"166","Qui tempore assumenda.","Deleniti.","1270243893","986796",
"167","Unde doloribus.","Excepturi quo.","391233685","672667",
"168","Placeat voluptatum tempora.","Quod minima.","1262965580","428901",
"169","Expedita voluptas sunt.","Culpa eos.","690797109","377759",
"17","Dolor omnis suscipit.","Iste dolor.","12106222","388887",
"170","Sit voluptatum.","Totam.","973928182","661905",
"171","Eligendi voluptatum iste.","Aspernatur.","240989304","975955",
"172","Temporibus vitae.","Quibusdam.","752185947","194087",
"173","Omnis veritatis.","Soluta porro.","727180913","524589",
"174","Id omnis qui.","Atque tempora.","1528510282","836169",
"175","Sint quia soluta.","Et veniam.","519199228","241794",
"176","Accusantium velit.","Labore non.","1213359220","802865",
"177","Aut itaque esse.","Accusantium iure.","1624246770","445499",
"178","Consectetur alias.","Quos expedita.","274958634","85493",
"179","Sequi blanditiis.","Eligendi consectetur.","679204192","550044",
"18","Qui sunt unde.","Laborum.","429338605","103713",
"180","Earum ut molestiae.","Consequatur rem.","1132426700","470411",
"181","Earum ex.","Deleniti.","192713817","475483",
"182","Reprehenderit voluptatem.","Quidem.","1556657301","469647",
"183","Ex aliquam.","Consequatur enim.","1465423077","509772",
"184","Molestias rerum.","Non.","6872186","199179",
"185","Accusantium ut nihil.","Sapiente distinctio.","138046980","984468",
"186","Inventore ea.","Sapiente porro.","1133083877","40859",
"187","Qui minima omnis.","Deleniti fuga.","976781383","887818",
"188","Ipsa at asperiores.","Ex.","770735687","575254",
"189","In sunt suscipit.","Corrupti.","952556615","111718",
"19","Natus qui.","Corporis.","658627022","66689",
"190","Est voluptate dicta.","Libero.","801534423","339747",
"191","Quis consequatur.","Iusto temporibus.","1261039910","193130",
"192","Et facere assumenda.","Ea sed.","613133016","628656",
"193","Totam rerum sapiente.","Fugit.","500744955","866699",
"194","Quae sed et.","Ea.","154647590","690047",
"195","Itaque doloremque doloremque.","Blanditiis.","1519402111","221289",
"196","Consequatur recusandae aperiam.","Voluptatem.","228830902","929468",
"197","Ipsam quidem magnam.","Vero sunt.","351742389","492265",
"198","Vero pariatur ducimus.","In fuga.","375187341","250159",
"199","Qui ut est.","Delectus qui.","1285425819","680301",
"2","Ut officia eius.","Amet.","1449593242","837954",
"20","Dolorem aut repudiandae.","Harum dolores.","335868074","420326",
"200","Explicabo fugit.","Officiis temporibus.","444595488","986128",
"201","Qui aut pariatur.","Aut quas.","1637297069","365218",
"202","Aliquam exercitationem.","Perspiciatis.","889642601","174376",
"203","Natus quidem quod.","Eligendi similique.","1320067028","925047",
"204","Consequatur voluptas provident.","Mollitia alias.","625258968","286410",
"205","Iusto est cum.","Maiores est.","260105328","267372",
"206","Est officia.","Repudiandae est.","919876675","919564",
"207","Doloremque nam.","Quo.","1199498310","679042",
"208","Ut sint praesentium.","Placeat.","1236932436","567155",
"209","Inventore vel adipisci.","Optio.","405347514","29938",
"21","Minus velit sed.","Itaque dicta.","246235155","574789",
"210","Voluptatem est laudantium.","Consequuntur.","20139046","780171",
"211","Rerum animi.","Inventore.","1039446644","158459",
"212","Qui suscipit.","Et.","501025441","270862",
"213","Et modi voluptatem.","Laborum sint.","147589970","482569",
"214","Enim eum qui.","A.","1208271064","207072",
"215","A mollitia maxime.","Maiores dolorem.","1150538518","561882",
"216","Et repellendus.","Rerum.","1440013065","348282",
"217","Dolorem possimus numquam.","Culpa.","565313884","660606",
"218","Reprehenderit libero modi.","Ut et.","1177241051","862231",
"219","Repellendus et hic.","Rerum consequatur.","512057717","881170",
"22","Non incidunt.","Dolorum saepe.","1157731002","944808",
"220","Laborum consequatur.","Officia.","441451120","687911",
"221","Labore et aut.","Quisquam laudantium.","531232630","705524",
"222","Magnam aut suscipit.","Pariatur.","1146033769","423421",
"223","Voluptatibus ullam alias.","Ut animi.","688741634","475649",
"224","Error voluptatem dolores.","Est.","1623709195","907888",
"225","Ex eius facilis.","Temporibus.","1136593703","551379",
"226","Quia ut ut.","Provident.","941804410","48560",
"227","Laboriosam quia vel.","Quam.","404389587","431442",
"228","Non expedita.","Aut dolorem.","876447246","874865",
"229","Maiores expedita officiis.","Maiores.","102278230","683650",
"23","Nisi voluptatem.","Fugit.","579205255","199097",
"230","Laborum velit.","Beatae.","354478706","687303",
"231","Ex velit.","Vel earum.","328331965","946671",
"232","Id officiis earum.","Et sed.","973642323","127030",
"233","Aut assumenda praesentium.","Est.","716438688","163056",
"234","Et ipsam sint.","Exercitationem.","296775834","712973",
"235","Et est voluptate.","Harum.","1285381952","218263",
"236","Voluptas provident.","Modi.","968281033","510553",
"237","Libero maxime ea.","Voluptatem.","360132283","922348",
"238","Ea est.","Voluptas.","275299926","47867",
"239","Praesentium voluptatibus.","Ipsa quod.","381397529","88926",
"24","Tempore repellendus.","Perspiciatis qui.","1033394601","188382",
"240","Qui corrupti.","Pariatur.","475981972","387620",
"241","Rem labore.","Eius deleniti.","829998714","901948",
"242","Cupiditate ut perspiciatis.","Accusantium.","30891825","804757",
"243","Voluptatem et vel.","Hic.","948937750","113199",
"244","Veniam possimus deleniti.","Quo sunt.","1048056087","706520",
"245","Fugiat voluptatibus.","Necessitatibus voluptatum.","870553622","924800",
"246","Reiciendis quo vero.","Eius.","665089092","602492",
"247","Molestias omnis.","Ab beatae.","509938384","342360",
"248","Molestiae accusantium sit.","Et.","359129094","277651",
"249","Minima fugit.","Labore provident.","357148443","114348",
"25","Ut perferendis.","Enim nihil.","555236417","295255",
"250","Commodi corrupti.","Atque quo.","1657183368","664513",
"251","Facere ut fugit.","Qui.","628872317","991777",
"252","Nihil molestiae.","Ea.","131941239","643131",
"253","Velit commodi.","Sint delectus.","747626729","632115",
"254","Expedita voluptatum.","Et.","498530156","762115",
"255","Quis qui voluptas.","Minus.","278308962","150701",
"256","Et deleniti.","Rem et.","659968537","897622",
"257","Quam atque mollitia.","Fugiat laborum.","1010291276","100258",
"258","Et qui id.","Odit molestiae.","1301484199","482102",
"259","Aut facere.","Quia.","290351776","431331",
"26","Et ex.","Voluptatem.","98074482","207052",
"260","Eveniet inventore aut.","Mollitia reprehenderit.","1251641043","737881",
"261","Dolorem nihil dolor.","Itaque eum.","1576476386","294622",
"262","Ab laborum.","Totam deserunt.","691508394","303572",
"263","Totam et.","Vel.","1539055402","141550",
"264","Et corrupti.","Est magni.","339078837","342769",
"265","Odio consequatur.","Error.","1658055142","531331",
"266","Rem nesciunt.","Numquam.","371162468","369557",
"267","Nihil sed blanditiis.","Architecto.","1522238920","32486",
"268","Est neque.","Molestiae quia.","1234637850","6907",
"269","Voluptas iste.","Tenetur.","894972749","736861",
"27","Voluptatem repellendus.","Non atque.","1660878223","260627",
"270","Amet eaque est.","Ut.","873850417","551521",
"271","Numquam iusto aut.","Quia.","826780299","877881",
"272","Esse dolor aspernatur.","Vitae.","297559470","902129",
"273","Est et alias.","Corporis eos.","309380715","381207",
"274","Sunt tempore.","Magnam sunt.","54177073","255592",
"275","Nihil dolor eum.","Totam.","613938965","279255",
"276","Cum adipisci dolor.","Dicta.","1012675744","683593",
"277","Ut totam.","Aut quae.","1684944743","616254",
"278","Nostrum officia saepe.","Praesentium deleniti.","601896840","195527",
"279","Voluptatem non corporis.","Qui.","602493575","672458",
"28","Repellat neque vitae.","Doloremque.","1162912505","963043",
"280","Omnis omnis.","Magnam qui.","682219554","393695",
"281","Qui et.","Quod aut.","1509747805","955792",
"282","Officiis veritatis et.","Quae temporibus.","1666820788","792587",
"283","Aliquam voluptates.","Veniam sint.","15279055","13181",
"284","Quae nihil.","Repudiandae.","626095784","273409",
"285","Maxime et tempore.","Id.","1411942112","309021",
"286","Officiis libero rerum.","Magnam.","465500339","636598",
"287","Impedit alias architecto.","Eum dolores.","641998658","232939",
"288","Labore sint.","Odio.","258012777","782660",
"289","Voluptatem non nesciunt.","Et.","1489783921","154667",
"29","Dolorum labore.","Laborum consequatur.","759628537","138868",
"290","Esse non voluptatem.","Autem.","664300141","460897",
"291","Accusantium beatae.","Qui ut.","1701874365","985487",
"292","Dignissimos voluptate.","Ut.","224880494","364681",
"293","Ipsa dolorem repudiandae.","Animi.","213802949","180937",
"294","Earum et.","Esse in.","217122595","277755",
"295","Voluptatem voluptatem quae.","Amet.","180191860","865861",
"296","Et id.","Alias.","894800847","251249",
"297","Cum nemo fugiat.","Mollitia.","1533516827","328477",
"298","Nostrum cum impedit.","Est.","1168334381","675039",
"299","Magni cumque.","Porro.","1510085518","318145",
"3","Dolorem mollitia aperiam.","Minima.","848658496","907940",
"30","Atque laudantium laboriosam.","Atque et.","728266871","19396",
"300","Illum aliquam occaecati.","Corrupti.","1406615938","550697",
"301","Deleniti magni.","Quia.","903875691","994285",
"302","Modi enim possimus.","Et.","1634040997","815761",
"303","Voluptates consectetur.","Suscipit non.","363066734","333835",
"304","Voluptatibus dolores.","Quia.","62166813","829155",
"305","Ut eum.","Exercitationem sit.","128409111","747535",
"306","Iure aspernatur pariatur.","Natus et.","434085810","435038",
"307","Aut quasi aliquid.","Architecto exercitationem.","1683555327","944517",
"308","Omnis id ratione.","Facere.","436021695","904022",
"309","Amet impedit necessitatibus.","Velit vel.","59767955","958702",
"31","Tenetur et vel.","Doloribus animi.","1420060939","732612",
"310","Optio commodi.","Aut.","1671795849","881626",
"311","Est id.","Numquam optio.","584935335","622505",
"312","Voluptatem consequatur.","Doloribus provident.","695115199","553698",
"313","Et qui provident.","Non.","609828774","122921",
"314","Corrupti sint.","Veniam sit.","1090782556","574709",
"315","Animi ea.","Sint.","1252289233","274054",
"316","Autem eaque.","Iste.","541951037","490528",
"317","Ipsum laborum.","Dolor.","243145983","693851",
"318","Eum unde occaecati.","Placeat quis.","532624080","979245",
"319","Quasi ipsam.","Veritatis modi.","698575387","757643",
"32","Ipsam deleniti porro.","Qui culpa.","5468314","914261",
"320","Vel eveniet blanditiis.","Est.","106640354","849672",
"321","Voluptas beatae.","Corporis et.","949531436","71118",
"322","Suscipit consectetur.","Et rerum.","1442255788","323675",
"323","Atque sit enim.","Eum nam.","1357615677","829775",
"324","Voluptatem vero.","Veritatis consequatur.","276308517","181437",
"325","Ut distinctio necessitatibus.","Est.","1018077766","889812",
"326","Laboriosam quis.","Perferendis.","11421529","747801",
"327","Ea ad.","Rerum.","1412495462","230087",
"328","Quod eveniet sit.","Similique dolor.","208970536","447216",
"329","Aut commodi.","Nesciunt enim.","1261696696","39032",
"33","Eligendi quisquam.","Iste.","1265082743","950564",
"330","Aut repudiandae asperiores.","Doloribus suscipit.","876343795","658420",
"331","Aspernatur sunt est.","Consequuntur.","813253426","762262",
"332","Inventore accusamus.","Similique.","705978468","185696",
"333","Modi repellendus.","At asperiores.","438128303","999005",
"334","Et et quam.","Omnis.","439363138","160880",
"335","Nobis deserunt.","Pariatur libero.","499977565","707246",
"336","Distinctio optio.","Ut aut.","1068811437","187858",
"337","Eum dolor.","Natus ad.","604795184","659159",
"338","Impedit a illo.","Quis culpa.","178674431","963832",
"339","Qui molestiae consequatur.","Vel hic.","739804914","66895",
"34","Et mollitia.","Sit.","852861449","480161",
"340","Qui quae quam.","Laboriosam a.","1112528933","356465",
"341","Qui enim.","Assumenda cumque.","311551702","186711",
"342","Odio qui.","Cupiditate ullam.","863198425","324783",
"343","Officiis explicabo eos.","Nihil.","1092918027","959325",
"344","Perspiciatis labore maiores.","Et.","1603813518","1278",
"345","Et aut.","Blanditiis odio.","743087263","459809",
"346","Blanditiis cum.","Ut repellat.","457156466","258712",
"347","Ipsam illo odio.","Vero et.","274073839","213631",
"348","Ipsum esse voluptatem.","Qui accusantium.","1036578708","124195",
"349","Vel hic illum.","Sint.","407832526","417590",
"35","Sunt voluptate.","Assumenda.","138795559","979175",
"350","Tenetur exercitationem magni.","Eligendi culpa.","928380646","800717",
"351","Fugiat ut sit.","Corrupti consectetur.","858512570","561608",
"352","Maiores qui beatae.","Ut id.","1391185755","831198",
"353","Quibusdam placeat quos.","Consequatur quisquam.","1369999406","344944",
"354","Ullam laudantium.","Et.","840535159","956484",
"355","Vitae eius.","Dolorem harum.","1116336419","549476",
"356","Dolores sapiente.","Vel corporis.","1435196465","79880",
"357","Beatae voluptas.","Facilis et.","1581535927","339045",
"358","Doloremque adipisci consequatur.","Itaque.","232250197","896669",
"359","Tempora est praesentium.","Minus.","1591749609","819055",
"36","Repellat aut laboriosam.","Et.","1317389203","178377",
"360","Hic sit.","Tenetur et.","1276478758","392075",
"361","Amet dolor.","Qui neque.","1271170588","196702",
"362","Harum nulla.","Veritatis repellendus.","396690504","970307",
"363","Nihil sapiente.","Eum consequuntur.","1006047115","523617",
"364","Libero et.","Sit.","291447117","774307",
"365","Eveniet et optio.","Itaque.","1619252901","489134",
"366","Saepe odit eum.","Dolorem recusandae.","952845211","491058",
"367","Voluptatem dicta autem.","Qui.","1097477914","7036",
"368","Molestias rerum quae.","Consectetur.","768973444","352431",
"369","Quis ab.","Qui placeat.","1231658726","666816",
"37","Nisi et et.","Ipsa.","1396529546","829085",
"370","Est non nemo.","Consectetur.","107529907","758821",
"371","Hic blanditiis.","Nihil.","1539126505","31814",
"372","Et nemo enim.","Qui illo.","1239916287","245711",
"373","Voluptatem sed sed.","Omnis voluptas.","750609819","866317",
"374","Nemo blanditiis.","Laborum.","834852992","103597",
"375","Officia sed.","Id animi.","726655706","961495",
"376","Dolores voluptas.","Ducimus.","155167523","860806",
"377","Unde dignissimos.","Ut nulla.","1563447758","762583",
"378","Laudantium quia velit.","Repudiandae.","1516937241","474912",
"379","Quo distinctio perspiciatis.","Autem.","770369369","745218",
"38","Fuga veritatis ipsum.","Itaque.","349454814","24140",
"380","Eos tenetur quam.","Sint ducimus.","1320743368","27047",
"381","Cupiditate rerum.","Aut.","773677812","798233",
"382","Dolore accusantium earum.","Omnis saepe.","126206294","136129",
"383","Eum esse.","Ut.","1705518644","953586",
"384","Nemo omnis hic.","In.","115657508","173345",
"385","Similique totam dolores.","Ipsam dolorem.","864481093","508632",
"386","Sapiente dolore aut.","Et.","609367984","78907",
"387","Quibusdam et.","Aut et.","768828377","811354",
"388","Voluptatum dolore veniam.","Molestiae qui.","1554316731","499683",
"389","Omnis non.","Et.","664103768","323554",
"39","Minima rem.","Dolor.","578260904","173622",
"390","Molestiae quaerat molestiae.","Delectus ducimus.","139840789","612212",
"391","Laborum iusto et.","Et ratione.","1144885891","402922",
"392","Omnis atque.","Quia doloribus.","530349593","133291",
"393","Delectus aut.","Qui.","1489021250","363279",
"394","Dicta rerum sapiente.","Quis.","1291803259","448805",
"395","Omnis eum adipisci.","Praesentium sit.","595352364","243459",
"396","Corporis est.","Sapiente.","708565604","380784",
"397","Non numquam rerum.","Nihil.","1260204524","8244",
"398","Alias quam illo.","Officiis.","1302341531","902605",
"399","Velit cum.","Quaerat voluptas.","888688434","495356",
"4","Doloribus ducimus alias.","Ut.","523779668","881009",
"40","Quos quis quod.","Corrupti.","1449581415","338792",
"400","In ab.","Ut temporibus.","522450057","797192",
"401","Recusandae similique.","Nihil.","1312282663","179089",
"402","Molestiae fuga.","Nesciunt ex.","1495261131","888385",
"403","Inventore tenetur.","Dicta eveniet.","1037355731","601369",
"404","Deleniti reprehenderit.","Earum.","353812911","970379",
"405","Tempore eveniet.","Sit.","523636555","71988",
"406","Exercitationem fugiat perferendis.","Modi.","817731388","641618",
"407","Placeat qui similique.","Dolore.","311157410","728782",
"408","Numquam ullam beatae.","Nam.","1071355539","716012",
"409","Nulla labore et.","Veniam.","144265692","624545",
"41","Rerum possimus laborum.","Minus reiciendis.","1431199152","618423",
"410","Magni dolores et.","Libero non.","1297261653","722908",
"411","Blanditiis sit accusamus.","Mollitia consectetur.","1594894950","445724",
"412","Sit voluptas.","Culpa inventore.","1481608672","696150",
"413","Voluptates quidem.","Veniam sed.","339216659","704206",
"414","Consequatur consectetur.","Quasi.","113331635","44188",
"415","Culpa in.","Earum.","345982984","570031",
"416","Impedit illo.","Eveniet nisi.","1112600834","668556",
"417","Quia corrupti.","Iusto cum.","1414768268","364142",
"418","Pariatur odit inventore.","Eius.","1592525493","112392",
"419","Placeat ipsa.","Exercitationem ea.","1387194351","850487",
"42","Quibusdam sit debitis.","Veniam.","113082201","293629",
"420","Est voluptatem molestias.","Eos.","1430335035","330919",
"421","Sed officia.","Cupiditate.","1067833031","602945",
"422","Suscipit perferendis repudiandae.","Dignissimos mollitia.","1632412575","338784",
"423","Deleniti ab et.","Voluptatibus.","744133433","813979",
"424","Sed voluptatem.","Qui commodi.","1440804530","69659",
"425","Id quasi.","Ut aperiam.","23840667","932845",
"426","Numquam aut sed.","Et.","1019209335","551388",
"427","Ratione modi.","Expedita eveniet.","769159179","183960",
"428","Quisquam suscipit.","Natus et.","86915392","988855",
"429","Ut velit.","Voluptatibus.","1687283840","874189",
"43","Modi eveniet occaecati.","Animi saepe.","1344151054","374618",
"430","Reiciendis dolor labore.","Modi consectetur.","1217219312","549274",
"431","Voluptas vel.","Esse.","1464474800","239216",
"432","Dolorem culpa.","Animi est.","1126254349","652471",
"433","Quo enim qui.","Quibusdam sit.","341682804","990912",
"434","Aperiam omnis consequatur.","Velit.","902594359","19593",
"435","Vitae vel.","Porro.","883495592","631645",
"436","Saepe quis.","A.","1679418093","924620",
"437","Neque vitae.","Et ullam.","80500071","747851",
"438","Debitis rem distinctio.","Corporis sit.","1214787807","616678",
"439","Ratione perferendis.","Rem debitis.","305197197","263343",
"44","Iusto animi.","Id commodi.","297190634","287011",
"440","Dolore perspiciatis ut.","Aut facilis.","1072117777","112725",
"441","Quia omnis architecto.","Eveniet ex.","558730162","789746",
"442","Enim sed aut.","Dolorem.","765641049","735588",
"443","Possimus quia laboriosam.","In voluptatem.","167737501","911370",
"444","Praesentium veniam ipsum.","Dolorem consequatur.","1551035306","462648",
"445","Distinctio rem.","Consequuntur.","1609414350","715378",
"446","Quis omnis.","Sed.","1315874725","725726",
"447","Natus sed ex.","Totam.","313963836","425291",
"448","Sed consequatur perspiciatis.","Voluptates.","1908058","521077",
"449","Odit in saepe.","Et.","1060871146","43217",
"45","Reprehenderit qui quos.","Atque.","1535989164","910069",
"450","Nobis repellat consequatur.","Quis.","559008417","896538",
"451","Sed sit officiis.","Libero ut.","307298377","276641",
"452","Molestias qui.","Ducimus.","237122306","356238",
"453","Alias necessitatibus.","Quidem hic.","216733635","373777",
"454","Non natus.","Ducimus architecto.","101681284","267343",
"455","Quis est.","Fuga rerum.","682664363","498469",
"456","Ad quia voluptatem.","At.","1407941709","672053",
"457","Mollitia eius.","Reiciendis.","960222218","240557",
"458","Quibusdam consequatur quae.","Et.","69923273","196996",
"459","Aut minus.","Provident eius.","661259187","24400",
"46","Eaque voluptate.","Eius.","741250103","118244",
"460","Officiis qui quia.","Possimus.","1457542236","831578",
"461","Sint quas.","Sint sint.","1410952204","867006",
"462","Fugit in harum.","Eveniet.","1003804814","629897",
"463","Et voluptatem.","Et.","41750125","183790",
"464","Omnis rem.","Et culpa.","1105352561","818998",
"465","Suscipit autem.","Deleniti.","1319854634","470271",
"466","Mollitia blanditiis laudantium.","Voluptatem.","104804032","695658",
"467","Deserunt quidem incidunt.","Dicta.","738088040","33791",
"468","Et quasi.","Ut vitae.","1541839187","743570",
"469","Quod odio.","Rerum.","127975435","925318",
"47","Est tenetur ut.","Cupiditate.","1147990102","868569",
"470","Possimus est.","Velit.","1326204744","289786",
"471","In delectus.","Dignissimos quia.","806710351","630595",
"472","Nam iure quo.","Omnis esse.","437519085","718350",
"473","Enim et nobis.","Quasi.","1570958099","775069",
"474","Autem ut.","Modi.","1151476111","907747",
"475","Repellendus sit molestiae.","Asperiores autem.","847290301","276617",
"476","Cupiditate autem non.","Esse.","732549105","921484",
"477","Fugit quia.","Non nobis.","1172097014","392820",
"478","Esse aspernatur occaecati.","Consectetur.","1359891222","950870",
"479","Magnam error.","Ea blanditiis.","1458283066","440785",
"48","Itaque iusto quia.","Id maxime.","896409459","444668",
"480","Officiis alias id.","Quas nostrum.","1242991763","670619",
"481","Vel sit voluptas.","Minus.","1491652396","48017",
"482","Voluptate qui est.","Et aut.","313589734","518676",
"483","Possimus et ipsa.","Hic voluptatibus.","1416065577","823527",
"484","Aut officia et.","Voluptatem ipsam.","129549177","410168",
"485","Ea architecto et.","Vel.","413914078","39903",
"486","Facilis labore.","Eius.","674972975","795436",
"487","Laborum explicabo.","Consequatur molestias.","755399758","861737",
"488","Odit officiis.","Pariatur.","316091158","895592",
"489","Reprehenderit aliquid in.","Laudantium.","43364727","466789",
"49","Nemo debitis.","Vel.","1021722782","839663",
"490","Porro fugiat est.","Enim.","109300393","454612",
"491","Rerum omnis.","Dolorem quo.","1123923743","536444",
"492","Voluptas non.","Laudantium corrupti.","224951502","895627",
"493","Aliquid provident impedit.","Id explicabo.","1146492481","644542",
"494","Tempore qui.","Deserunt.","1127668976","963179",
"495","Odit voluptas asperiores.","Sit magnam.","913691638","884982",
"496","Id alias animi.","Ullam.","1662256924","328625",
"497","Eum nostrum dignissimos.","Molestiae sit.","327848955","844450",
"498","Alias est explicabo.","Ab quisquam.","908585461","378414",
"499","Consequuntur sunt.","Rerum.","1144154455","414067",
"5","Dolores ea neque.","Aliquam.","143810558","995043",
"50","Est nulla et.","Omnis officiis.","32725913","471923",
"500","Sed ea.","Sed est.","1257529838","440245",
"51","Hic omnis doloribus.","Beatae.","1243656601","872872",
"52","Ex itaque rerum.","Accusamus ut.","1231656564","268891",
"53","Quibusdam ipsa.","Error.","260557466","920306",
"54","Ut voluptas.","Soluta.","544669353","301414",
"55","Modi aperiam.","Cum.","442964668","49078",
"56","Quae minus.","Beatae qui.","1120141421","350124",
"57","Vitae est impedit.","Ipsam.","982737515","900358",
"58","Qui aut ut.","Corrupti saepe.","561624079","631281",
"59","Dignissimos sit enim.","Quos voluptatibus.","113948091","427176",
"6","Ab hic.","Dolorem.","701590144","798103",
"60","Dolorum iusto dicta.","Eius non.","1067747842","180177",
"61","Consequuntur consequatur voluptatibus.","Ipsum omnis.","397709424","535595",
"62","Expedita natus.","Saepe nobis.","545284275","671033",
"63","Rerum doloribus.","Temporibus qui.","648236438","13150",
"64","Qui aliquid.","Distinctio.","774506474","185933",
"65","Rerum numquam.","Voluptate illo.","420827383","318647",
"66","At reprehenderit temporibus.","Suscipit.","1438967898","503764",
"67","Vel tempore.","At sequi.","926858702","867252",
"68","Voluptatem dolorem.","Voluptas.","675787312","609783",
"69","Voluptate distinctio doloremque.","Sed inventore.","1088552699","312854",
"7","Doloremque vero nostrum.","Voluptatem.","1081579041","812992",
"70","Labore molestias.","Sint.","698565076","373759",
"71","Qui numquam.","Natus exercitationem.","252772497","872917",
"72","Quo nesciunt.","Architecto est.","1276898764","589410",
"73","Nostrum incidunt.","Excepturi.","457794597","500747",
"74","Et numquam.","Porro repellat.","1605789029","264676",
"75","Debitis exercitationem officiis.","Doloremque ut.","1678134983","507702",
"76","Incidunt alias magni.","Voluptates.","256522203","880058",
"77","Ut sit.","Ipsum velit.","1378755072","615172",
"78","Dignissimos tempore.","Enim est.","302216740","46396",
"79","Quia doloribus.","Ipsam.","793582330","626183",
"8","Veniam qui aut.","Iure autem.","391497192","113000",
"80","Magnam id.","Provident rerum.","987824402","742586",
"81","Est repellat eum.","Nobis eos.","436121456","99769",
"82","Molestias saepe.","Soluta.","1134416554","528722",
"83","Velit ipsam.","Quod fugiat.","1572839416","461522",
"84","Repellat earum aperiam.","Quod rerum.","327617842","689411",
"85","Unde sit.","Omnis nihil.","1041670385","555630",
"86","Perferendis est.","Iste.","69798494","502877",
"87","Sit ea voluptatibus.","Consectetur.","680045657","253653",
"88","Voluptas non itaque.","Ut.","1422957746","679373",
"89","Et sed accusantium.","Assumenda.","643763113","900582",
"9","Explicabo doloremque.","Et id.","371932105","250672",
"90","Et rerum alias.","Totam aliquam.","818058970","411341",
"91","Ipsam ullam quis.","Blanditiis ut.","410034487","513155",
"92","Aut dolor.","Corporis quia.","983714995","318825",
"93","Cupiditate tempora.","Aliquam.","1623477999","186227",
"94","Ut dolores.","Repudiandae non.","799540012","513315",
"95","Officia ratione.","Quisquam et.","1122952054","273113",
"96","Iure temporibus.","Ut.","1094273273","280170",
"97","A voluptatibus distinctio.","Eligendi.","1065726016","758266",
"98","Et voluptas saepe.","Deserunt.","1198018779","382883",
"99","Qui quis.","Dolor.","569597835","884566",
