 id,title,genre,duration,listeners
SO1,Eum blanditiis animi.,Quam.,0:06:00,749183
SO10,Quia at.,Dolores a.,0:06:00,480504
SO100,Saepe et.,Quibusdam.,0:06:00,238359
SO101,Dolor quia.,Sed necessitatibus.,0:06:00,858068
SO102,Atque atque.,Aut.,0:06:00,510537
SO103,Dolorem nobis.,Enim.,0:06:00,827308
SO104,Qui et.,Et minima.,0:06:00,116035
SO105,Velit accusamus expedita.,Voluptas.,0:06:00,876378
SO106,Quo qui.,Qui.,0:06:00,450591
SO107,Quia autem nostrum.,Quo.,0:06:00,239697
SO108,Veritatis enim aliquam.,Qui voluptatem.,0:06:00,858501
SO109,Impedit sint illum.,Amet et.,0:06:00,715209
SO11,Qui autem id.,Rerum pariatur.,0:06:00,422570
SO110,Quasi dicta dolor.,Voluptatem.,0:06:00,398499
SO111,A incidunt et.,Et.,0:06:00,519263
SO112,Atque cumque.,Assumenda qui.,0:06:00,11906
SO113,Exercitationem qui in.,Neque qui.,0:06:00,290621
SO114,Nihil autem odio.,Ipsum ipsum.,0:06:00,446782
SO115,Maxime quia.,Amet.,0:06:00,615897
SO116,Distinctio quasi qui.,Repellat.,0:06:00,177160
SO117,Inventore soluta exercitationem.,Molestiae voluptatibus.,0:06:00,417318
SO118,Aut eos dolores.,Dolor.,0:06:00,403603
SO119,Quod dolorum.,Rerum sit.,0:06:00,158407
SO12,Suscipit id rerum.,Enim.,0:06:00,483454
SO120,Repudiandae quia.,Autem.,0:06:00,835621
SO121,Dolores officiis in.,Occaecati qui.,0:06:00,162880
SO122,Recusandae nostrum.,Excepturi et.,0:06:00,309761
SO123,Veniam possimus.,Consequatur.,0:06:00,592798
SO124,Ea et quo.,Exercitationem.,0:06:00,116717
SO125,Praesentium et eum.,Voluptatem.,0:06:00,369556
SO126,Quasi quod omnis.,Nemo fuga.,0:06:00,665942
SO127,Et fugiat expedita.,Ea.,0:06:00,114824
SO128,Ad natus.,Deleniti.,0:06:00,99785
SO129,Quae expedita omnis.,Excepturi.,0:06:00,108457
SO13,Autem nulla error.,Voluptates.,0:06:00,4580
SO130,Adipisci velit.,Fugit.,0:06:00,790827
SO131,Qui molestiae repellat.,A laborum.,0:06:00,602775
SO132,Sit quam minima.,Quia.,0:06:00,849653
SO133,Alias quia tempore.,Quis eius.,0:06:00,744969
SO134,Sed et.,Sit tenetur.,0:06:00,745022
SO135,Praesentium rerum vitae.,Sint quam.,0:06:00,465332
SO136,Omnis esse.,Aut quaerat.,0:06:00,317326
SO137,Reprehenderit dolor.,Ratione.,0:06:00,905751
SO138,Nihil laudantium.,Rem.,0:06:00,526680
SO139,Ut dolorem iste.,Id quidem.,0:06:00,894856
SO14,Impedit deserunt cum.,Et dolores.,0:06:00,749832
SO140,Et rerum.,Dolorum.,0:06:00,160120
SO141,Enim qui.,Ex magni.,0:06:00,176281
SO142,Ducimus harum sunt.,At ea.,0:06:00,430460
SO143,Voluptas provident voluptatem.,Quia.,0:06:00,613260
SO144,Laudantium dolores.,Eum et.,0:06:00,787813
SO145,Eveniet voluptas velit.,Consectetur.,0:06:00,73419
SO146,Facere dolor.,Numquam.,0:06:00,276514
SO147,Est inventore dolores.,Repudiandae totam.,0:06:00,402654
SO148,Accusantium ut.,Et et.,0:06:00,671575
SO149,Eum nisi adipisci.,Et.,0:06:00,277022
SO15,Earum quis.,Qui.,0:06:00,126291
SO150,Harum quasi laboriosam.,Itaque quae.,0:06:00,94329
SO151,Eveniet iure.,Laborum autem.,0:06:00,636077
SO152,Quam doloremque ea.,Commodi.,0:06:00,235314
SO153,Dolores explicabo.,Qui.,0:06:00,129771
SO154,Facilis eius corrupti.,Asperiores.,0:06:00,156052
SO155,Qui aspernatur amet.,Autem iure.,0:06:00,576039
SO156,Et et.,Non quia.,0:06:00,201186
SO157,Necessitatibus provident.,Id aut.,0:06:00,441605
SO158,Aspernatur dolores ut.,Ducimus necessitatibus.,0:06:00,947554
SO159,Aliquam qui.,In.,0:06:00,711022
SO16,Similique accusamus.,Officiis.,0:06:00,390051
SO160,Eius voluptatum.,Non autem.,0:06:00,230131
SO161,Nulla dignissimos qui.,Veritatis.,0:06:00,181773
SO162,Voluptatum commodi.,Excepturi itaque.,0:06:00,442405
SO163,Sed ipsam.,Quisquam.,0:06:00,18672
SO164,Consequuntur libero quam.,Illum.,0:06:00,128934
SO165,Suscipit occaecati.,Maxime.,0:06:00,917003
SO166,Qui tempore assumenda.,Deleniti.,0:06:00,986796
SO167,Unde doloribus.,Excepturi quo.,0:06:00,672667
SO168,Placeat voluptatum tempora.,Quod minima.,0:06:00,428901
SO169,Expedita voluptas sunt.,Culpa eos.,0:06:00,377759
SO17,Dolor omnis suscipit.,Iste dolor.,0:06:00,388887
SO170,Sit voluptatum.,Totam.,0:06:00,661905
SO171,Eligendi voluptatum iste.,Aspernatur.,0:06:00,975955
SO172,Temporibus vitae.,Quibusdam.,0:06:00,194087
SO173,Omnis veritatis.,Soluta porro.,0:06:00,524589
SO174,Id omnis qui.,Atque tempora.,0:06:00,836169
SO175,Sint quia soluta.,Et veniam.,0:06:00,241794
SO176,Accusantium velit.,Labore non.,0:06:00,802865
SO177,Aut itaque esse.,Accusantium iure.,0:06:00,445499
SO178,Consectetur alias.,Quos expedita.,0:06:00,85493
SO179,Sequi blanditiis.,Eligendi consectetur.,0:06:00,550044
SO18,Qui sunt unde.,Laborum.,0:06:00,103713
SO180,Earum ut molestiae.,Consequatur rem.,0:06:00,470411
SO181,Earum ex.,Deleniti.,0:06:00,475483
SO182,Reprehenderit voluptatem.,Quidem.,0:06:00,469647
SO183,Ex aliquam.,Consequatur enim.,0:06:00,509772
SO184,Molestias rerum.,Non.,0:06:00,199179
SO185,Accusantium ut nihil.,Sapiente distinctio.,0:06:00,984468
SO186,Inventore ea.,Sapiente porro.,0:06:00,40859
SO187,Qui minima omnis.,Deleniti fuga.,0:06:00,887818
SO188,Ipsa at asperiores.,Ex.,0:06:00,575254
SO189,In sunt suscipit.,Corrupti.,0:06:00,111718
SO19,Natus qui.,Corporis.,0:06:00,66689
SO190,Est voluptate dicta.,Libero.,0:06:00,339747
SO191,Quis consequatur.,Iusto temporibus.,0:06:00,193130
SO192,Et facere assumenda.,Ea sed.,0:06:00,628656
SO193,Totam rerum sapiente.,Fugit.,0:06:00,866699
SO194,Quae sed et.,Ea.,0:06:00,690047
SO195,Itaque doloremque doloremque.,Blanditiis.,0:06:00,221289
SO196,Consequatur recusandae aperiam.,Voluptatem.,0:06:00,929468
SO197,Ipsam quidem magnam.,Vero sunt.,0:06:00,492265
SO198,Vero pariatur ducimus.,In fuga.,0:06:00,250159
SO199,Qui ut est.,Delectus qui.,0:06:00,680301
SO2,Ut officia eius.,Amet.,0:06:00,837954
SO20,Dolorem aut repudiandae.,Harum dolores.,0:06:00,420326
SO200,Explicabo fugit.,Officiis temporibus.,0:06:00,986128
SO201,Qui aut pariatur.,Aut quas.,0:06:00,365218
SO202,Aliquam exercitationem.,Perspiciatis.,0:06:00,174376
SO203,Natus quidem quod.,Eligendi similique.,0:06:00,925047
SO204,Consequatur voluptas provident.,Mollitia alias.,0:06:00,286410
SO205,Iusto est cum.,Maiores est.,0:06:00,267372
SO206,Est officia.,Repudiandae est.,0:06:00,919564
SO207,Doloremque nam.,Quo.,0:06:00,679042
SO208,Ut sint praesentium.,Placeat.,0:06:00,567155
SO209,Inventore vel adipisci.,Optio.,0:06:00,29938
SO21,Minus velit sed.,Itaque dicta.,0:06:00,574789
SO210,Voluptatem est laudantium.,Consequuntur.,0:06:00,780171
SO211,Rerum animi.,Inventore.,0:06:00,158459
SO212,Qui suscipit.,Et.,0:06:00,270862
SO213,Et modi voluptatem.,Laborum sint.,0:06:00,482569
SO214,Enim eum qui.,A.,0:06:00,207072
SO215,A mollitia maxime.,Maiores dolorem.,0:06:00,561882
SO216,Et repellendus.,Rerum.,0:06:00,348282
SO217,Dolorem possimus numquam.,Culpa.,0:06:00,660606
SO218,Reprehenderit libero modi.,Ut et.,0:06:00,862231
SO219,Repellendus et hic.,Rerum consequatur.,0:06:00,881170
SO22,Non incidunt.,Dolorum saepe.,0:06:00,944808
SO220,Laborum consequatur.,Officia.,0:06:00,687911
SO221,Labore et aut.,Quisquam laudantium.,0:06:00,705524
SO222,Magnam aut suscipit.,Pariatur.,0:06:00,423421
SO223,Voluptatibus ullam alias.,Ut animi.,0:06:00,475649
SO224,Error voluptatem dolores.,Est.,0:06:00,907888
SO225,Ex eius facilis.,Temporibus.,0:06:00,551379
SO226,Quia ut ut.,Provident.,0:06:00,48560
SO227,Laboriosam quia vel.,Quam.,0:06:00,431442
SO228,Non expedita.,Aut dolorem.,0:06:00,874865
SO229,Maiores expedita officiis.,Maiores.,0:06:00,683650
SO23,Nisi voluptatem.,Fugit.,0:06:00,199097
SO230,Laborum velit.,Beatae.,0:06:00,687303
SO231,Ex velit.,Vel earum.,0:06:00,946671
SO232,Id officiis earum.,Et sed.,0:06:00,127030
SO233,Aut assumenda praesentium.,Est.,0:06:00,163056
SO234,Et ipsam sint.,Exercitationem.,0:06:00,712973
SO235,Et est voluptate.,Harum.,0:06:00,218263
SO236,Voluptas provident.,Modi.,0:06:00,510553
SO237,Libero maxime ea.,Voluptatem.,0:06:00,922348
SO238,Ea est.,Voluptas.,0:06:00,47867
SO239,Praesentium voluptatibus.,Ipsa quod.,0:06:00,88926
SO24,Tempore repellendus.,Perspiciatis qui.,0:06:00,188382
SO240,Qui corrupti.,Pariatur.,0:06:00,387620
SO241,Rem labore.,Eius deleniti.,0:06:00,901948
SO242,Cupiditate ut perspiciatis.,Accusantium.,0:06:00,804757
SO243,Voluptatem et vel.,Hic.,0:06:00,113199
SO244,Veniam possimus deleniti.,Quo sunt.,0:06:00,706520
SO245,Fugiat voluptatibus.,Necessitatibus voluptatum.,0:06:00,924800
SO246,Reiciendis quo vero.,Eius.,0:06:00,602492
SO247,Molestias omnis.,Ab beatae.,0:06:00,342360
SO248,Molestiae accusantium sit.,Et.,0:06:00,277651
SO249,Minima fugit.,Labore provident.,0:06:00,114348
SO25,Ut perferendis.,Enim nihil.,0:06:00,295255
SO250,Commodi corrupti.,Atque quo.,0:06:00,664513
SO251,Facere ut fugit.,Qui.,0:06:00,991777
SO252,Nihil molestiae.,Ea.,0:06:00,643131
SO253,Velit commodi.,Sint delectus.,0:06:00,632115
SO254,Expedita voluptatum.,Et.,0:06:00,762115
SO255,Quis qui voluptas.,Minus.,0:06:00,150701
SO256,Et deleniti.,Rem et.,0:06:00,897622
SO257,Quam atque mollitia.,Fugiat laborum.,0:06:00,100258
SO258,Et qui id.,Odit molestiae.,0:06:00,482102
SO259,Aut facere.,Quia.,0:06:00,431331
SO26,Et ex.,Voluptatem.,0:06:00,207052
SO260,Eveniet inventore aut.,Mollitia reprehenderit.,0:06:00,737881
SO261,Dolorem nihil dolor.,Itaque eum.,0:06:00,294622
SO262,Ab laborum.,Totam deserunt.,0:06:00,303572
SO263,Totam et.,Vel.,0:06:00,141550
SO264,Et corrupti.,Est magni.,0:06:00,342769
SO265,Odio consequatur.,Error.,0:06:00,531331
SO266,Rem nesciunt.,Numquam.,0:06:00,369557
SO267,Nihil sed blanditiis.,Architecto.,0:06:00,32486
SO268,Est neque.,Molestiae quia.,0:06:00,6907
SO269,Voluptas iste.,Tenetur.,0:06:00,736861
SO27,Voluptatem repellendus.,Non atque.,0:06:00,260627
SO270,Amet eaque est.,Ut.,0:06:00,551521
SO271,Numquam iusto aut.,Quia.,0:06:00,877881
SO272,Esse dolor aspernatur.,Vitae.,0:06:00,902129
SO273,Est et alias.,Corporis eos.,0:06:00,381207
SO274,Sunt tempore.,Magnam sunt.,0:06:00,255592
SO275,Nihil dolor eum.,Totam.,0:06:00,279255
SO276,Cum adipisci dolor.,Dicta.,0:06:00,683593
SO277,Ut totam.,Aut quae.,0:06:00,616254
SO278,Nostrum officia saepe.,Praesentium deleniti.,0:06:00,195527
SO279,Voluptatem non corporis.,Qui.,0:06:00,672458
SO28,Repellat neque vitae.,Doloremque.,0:06:00,963043
SO280,Omnis omnis.,Magnam qui.,0:06:00,393695
SO281,Qui et.,Quod aut.,0:06:00,955792
SO282,Officiis veritatis et.,Quae temporibus.,0:06:00,792587
SO283,Aliquam voluptates.,Veniam sint.,0:06:00,13181
SO284,Quae nihil.,Repudiandae.,0:06:00,273409
SO285,Maxime et tempore.,Id.,0:06:00,309021
SO286,Officiis libero rerum.,Magnam.,0:06:00,636598
SO287,Impedit alias architecto.,Eum dolores.,0:06:00,232939
SO288,Labore sint.,Odio.,0:06:00,782660
SO289,Voluptatem non nesciunt.,Et.,0:06:00,154667
SO29,Dolorum labore.,Laborum consequatur.,0:06:00,138868
SO290,Esse non voluptatem.,Autem.,0:06:00,460897
SO291,Accusantium beatae.,Qui ut.,0:06:00,985487
SO292,Dignissimos voluptate.,Ut.,0:06:00,364681
SO293,Ipsa dolorem repudiandae.,Animi.,0:06:00,180937
SO294,Earum et.,Esse in.,0:06:00,277755
SO295,Voluptatem voluptatem quae.,Amet.,0:06:00,865861
SO296,Et id.,Alias.,0:06:00,251249
SO297,Cum nemo fugiat.,Mollitia.,0:06:00,328477
SO298,Nostrum cum impedit.,Est.,0:06:00,675039
SO299,Magni cumque.,Porro.,0:06:00,318145
SO3,Dolorem mollitia aperiam.,Minima.,0:06:00,907940
SO30,Atque laudantium laboriosam.,Atque et.,0:06:00,19396
SO300,Illum aliquam occaecati.,Corrupti.,0:06:00,550697
SO301,Deleniti magni.,Quia.,0:06:00,994285
SO302,Modi enim possimus.,Et.,0:06:00,815761
SO303,Voluptates consectetur.,Suscipit non.,0:06:00,333835
SO304,Voluptatibus dolores.,Quia.,0:06:00,829155
SO305,Ut eum.,Exercitationem sit.,0:06:00,747535
SO306,Iure aspernatur pariatur.,Natus et.,0:06:00,435038
SO307,Aut quasi aliquid.,Architecto exercitationem.,0:06:00,944517
SO308,Omnis id ratione.,Facere.,0:06:00,904022
SO309,Amet impedit necessitatibus.,Velit vel.,0:06:00,958702
SO31,Tenetur et vel.,Doloribus animi.,0:06:00,732612
SO310,Optio commodi.,Aut.,0:06:00,881626
SO311,Est id.,Numquam optio.,0:06:00,622505
SO312,Voluptatem consequatur.,Doloribus provident.,0:06:00,553698
SO313,Et qui provident.,Non.,0:06:00,122921
SO314,Corrupti sint.,Veniam sit.,0:06:00,574709
SO315,Animi ea.,Sint.,0:06:00,274054
SO316,Autem eaque.,Iste.,0:06:00,490528
SO317,Ipsum laborum.,Dolor.,0:06:00,693851
SO318,Eum unde occaecati.,Placeat quis.,0:06:00,979245
SO319,Quasi ipsam.,Veritatis modi.,0:06:00,757643
SO32,Ipsam deleniti porro.,Qui culpa.,0:06:00,914261
SO320,Vel eveniet blanditiis.,Est.,0:06:00,849672
SO321,Voluptas beatae.,Corporis et.,0:06:00,71118
SO322,Suscipit consectetur.,Et rerum.,0:06:00,323675
SO323,Atque sit enim.,Eum nam.,0:06:00,829775
SO324,Voluptatem vero.,Veritatis consequatur.,0:06:00,181437
SO325,Ut distinctio necessitatibus.,Est.,0:06:00,889812
SO326,Laboriosam quis.,Perferendis.,0:06:00,747801
SO327,Ea ad.,Rerum.,0:06:00,230087
SO328,Quod eveniet sit.,Similique dolor.,0:06:00,447216
SO329,Aut commodi.,Nesciunt enim.,0:06:00,39032
SO33,Eligendi quisquam.,Iste.,0:06:00,950564
SO330,Aut repudiandae asperiores.,Doloribus suscipit.,0:06:00,658420
SO331,Aspernatur sunt est.,Consequuntur.,0:06:00,762262
SO332,Inventore accusamus.,Similique.,0:06:00,185696
SO333,Modi repellendus.,At asperiores.,0:06:00,999005
SO334,Et et quam.,Omnis.,0:06:00,160880
SO335,Nobis deserunt.,Pariatur libero.,0:06:00,707246
SO336,Distinctio optio.,Ut aut.,0:06:00,187858
SO337,Eum dolor.,Natus ad.,0:06:00,659159
SO338,Impedit a illo.,Quis culpa.,0:06:00,963832
SO339,Qui molestiae consequatur.,Vel hic.,0:06:00,66895
SO34,Et mollitia.,Sit.,0:06:00,480161
SO340,Qui quae quam.,Laboriosam a.,0:06:00,356465
SO341,Qui enim.,Assumenda cumque.,0:06:00,186711
SO342,Odio qui.,Cupiditate ullam.,0:06:00,324783
SO343,Officiis explicabo eos.,Nihil.,0:06:00,959325
SO344,Perspiciatis labore maiores.,Et.,0:06:00,1278
SO345,Et aut.,Blanditiis odio.,0:06:00,459809
SO346,Blanditiis cum.,Ut repellat.,0:06:00,258712
SO347,Ipsam illo odio.,Vero et.,0:06:00,213631
SO348,Ipsum esse voluptatem.,Qui accusantium.,0:06:00,124195
SO349,Vel hic illum.,Sint.,0:06:00,417590
SO35,Sunt voluptate.,Assumenda.,0:06:00,979175
SO350,Tenetur exercitationem magni.,Eligendi culpa.,0:06:00,800717
SO351,Fugiat ut sit.,Corrupti consectetur.,0:06:00,561608
SO352,Maiores qui beatae.,Ut id.,0:06:00,831198
SO353,Quibusdam placeat quos.,Consequatur quisquam.,0:06:00,344944
SO354,Ullam laudantium.,Et.,0:06:00,956484
SO355,Vitae eius.,Dolorem harum.,0:06:00,549476
SO356,Dolores sapiente.,Vel corporis.,0:06:00,79880
SO357,Beatae voluptas.,Facilis et.,0:06:00,339045
SO358,Doloremque adipisci consequatur.,Itaque.,0:06:00,896669
SO359,Tempora est praesentium.,Minus.,0:06:00,819055
SO36,Repellat aut laboriosam.,Et.,0:06:00,178377
SO360,Hic sit.,Tenetur et.,0:06:00,392075
SO361,Amet dolor.,Qui neque.,0:06:00,196702
SO362,Harum nulla.,Veritatis repellendus.,0:06:00,970307
SO363,Nihil sapiente.,Eum consequuntur.,0:06:00,523617
SO364,Libero et.,Sit.,0:06:00,774307
SO365,Eveniet et optio.,Itaque.,0:06:00,489134
SO366,Saepe odit eum.,Dolorem recusandae.,0:06:00,491058
SO367,Voluptatem dicta autem.,Qui.,0:06:00,7036
SO368,Molestias rerum quae.,Consectetur.,0:06:00,352431
SO369,Quis ab.,Qui placeat.,0:06:00,666816
SO37,Nisi et et.,Ipsa.,0:06:00,829085
SO370,Est non nemo.,Consectetur.,0:06:00,758821
SO371,Hic blanditiis.,Nihil.,0:06:00,31814
SO372,Et nemo enim.,Qui illo.,0:06:00,245711
SO373,Voluptatem sed sed.,Omnis voluptas.,0:06:00,866317
SO374,Nemo blanditiis.,Laborum.,0:06:00,103597
SO375,Officia sed.,Id animi.,0:06:00,961495
SO376,Dolores voluptas.,Ducimus.,0:06:00,860806
SO377,Unde dignissimos.,Ut nulla.,0:06:00,762583
SO378,Laudantium quia velit.,Repudiandae.,0:06:00,474912
SO379,Quo distinctio perspiciatis.,Autem.,0:06:00,745218
SO38,Fuga veritatis ipsum.,Itaque.,0:06:00,24140
SO380,Eos tenetur quam.,Sint ducimus.,0:06:00,27047
SO381,Cupiditate rerum.,Aut.,0:06:00,798233
SO382,Dolore accusantium earum.,Omnis saepe.,0:06:00,136129
SO383,Eum esse.,Ut.,0:06:00,953586
SO384,Nemo omnis hic.,In.,0:06:00,173345
SO385,Similique totam dolores.,Ipsam dolorem.,0:06:00,508632
SO386,Sapiente dolore aut.,Et.,0:06:00,78907
SO387,Quibusdam et.,Aut et.,0:06:00,811354
SO388,Voluptatum dolore veniam.,Molestiae qui.,0:06:00,499683
SO389,Omnis non.,Et.,0:06:00,323554
SO39,Minima rem.,Dolor.,0:06:00,173622
SO390,Molestiae quaerat molestiae.,Delectus ducimus.,0:06:00,612212
SO391,Laborum iusto et.,Et ratione.,0:06:00,402922
SO392,Omnis atque.,Quia doloribus.,0:06:00,133291
SO393,Delectus aut.,Qui.,0:06:00,363279
SO394,Dicta rerum sapiente.,Quis.,0:06:00,448805
SO395,Omnis eum adipisci.,Praesentium sit.,0:06:00,243459
SO396,Corporis est.,Sapiente.,0:06:00,380784
SO397,Non numquam rerum.,Nihil.,0:06:00,8244
SO398,Alias quam illo.,Officiis.,0:06:00,902605
SO399,Velit cum.,Quaerat voluptas.,0:06:00,495356
SO4,Doloribus ducimus alias.,Ut.,0:06:00,881009
SO40,Quos quis quod.,Corrupti.,0:06:00,338792
SO400,In ab.,Ut temporibus.,0:06:00,797192
SO401,Recusandae similique.,Nihil.,0:06:00,179089
SO402,Molestiae fuga.,Nesciunt ex.,0:06:00,888385
SO403,Inventore tenetur.,Dicta eveniet.,0:06:00,601369
SO404,Deleniti reprehenderit.,Earum.,0:06:00,970379
SO405,Tempore eveniet.,Sit.,0:06:00,71988
SO406,Exercitationem fugiat perferendis.,Modi.,0:06:00,641618
SO407,Placeat qui similique.,Dolore.,0:06:00,728782
SO408,Numquam ullam beatae.,Nam.,0:06:00,716012
SO409,Nulla labore et.,Veniam.,0:06:00,624545
SO41,Rerum possimus laborum.,Minus reiciendis.,0:06:00,618423
SO410,Magni dolores et.,Libero non.,0:06:00,722908
SO411,Blanditiis sit accusamus.,Mollitia consectetur.,0:06:00,445724
SO412,Sit voluptas.,Culpa inventore.,0:06:00,696150
SO413,Voluptates quidem.,Veniam sed.,0:06:00,704206
SO414,Consequatur consectetur.,Quasi.,0:06:00,44188
SO415,Culpa in.,Earum.,0:06:00,570031
SO416,Impedit illo.,Eveniet nisi.,0:06:00,668556
SO417,Quia corrupti.,Iusto cum.,0:06:00,364142
SO418,Pariatur odit inventore.,Eius.,0:06:00,112392
SO419,Placeat ipsa.,Exercitationem ea.,0:06:00,850487
SO42,Quibusdam sit debitis.,Veniam.,0:06:00,293629
SO420,Est voluptatem molestias.,Eos.,0:06:00,330919
SO421,Sed officia.,Cupiditate.,0:06:00,602945
SO422,Suscipit perferendis repudiandae.,Dignissimos mollitia.,0:06:00,338784
SO423,Deleniti ab et.,Voluptatibus.,0:06:00,813979
SO424,Sed voluptatem.,Qui commodi.,0:06:00,69659
SO425,Id quasi.,Ut aperiam.,0:06:00,932845
SO426,Numquam aut sed.,Et.,0:06:00,551388
SO427,Ratione modi.,Expedita eveniet.,0:06:00,183960
SO428,Quisquam suscipit.,Natus et.,0:06:00,988855
SO429,Ut velit.,Voluptatibus.,0:06:00,874189
SO43,Modi eveniet occaecati.,Animi saepe.,0:06:00,374618
SO430,Reiciendis dolor labore.,Modi consectetur.,0:06:00,549274
SO431,Voluptas vel.,Esse.,0:06:00,239216
SO432,Dolorem culpa.,Animi est.,0:06:00,652471
SO433,Quo enim qui.,Quibusdam sit.,0:06:00,990912
SO434,Aperiam omnis consequatur.,Velit.,0:06:00,19593
SO435,Vitae vel.,Porro.,0:06:00,631645
SO436,Saepe quis.,A.,0:06:00,924620
SO437,Neque vitae.,Et ullam.,0:06:00,747851
SO438,Debitis rem distinctio.,Corporis sit.,0:06:00,616678
SO439,Ratione perferendis.,Rem debitis.,0:06:00,263343
SO44,Iusto animi.,Id commodi.,0:06:00,287011
SO440,Dolore perspiciatis ut.,Aut facilis.,0:06:00,112725
SO441,Quia omnis architecto.,Eveniet ex.,0:06:00,789746
SO442,Enim sed aut.,Dolorem.,0:06:00,735588
SO443,Possimus quia laboriosam.,In voluptatem.,0:06:00,911370
SO444,Praesentium veniam ipsum.,Dolorem consequatur.,0:06:00,462648
SO445,Distinctio rem.,Consequuntur.,0:06:00,715378
SO446,Quis omnis.,Sed.,0:06:00,725726
SO447,Natus sed ex.,Totam.,0:06:00,425291
SO448,Sed consequatur perspiciatis.,Voluptates.,0:06:00,521077
SO449,Odit in saepe.,Et.,0:06:00,43217
SO45,Reprehenderit qui quos.,Atque.,0:06:00,910069
SO450,Nobis repellat consequatur.,Quis.,0:06:00,896538
SO451,Sed sit officiis.,Libero ut.,0:06:00,276641
SO452,Molestias qui.,Ducimus.,0:06:00,356238
SO453,Alias necessitatibus.,Quidem hic.,0:06:00,373777
SO454,Non natus.,Ducimus architecto.,0:06:00,267343
SO455,Quis est.,Fuga rerum.,0:06:00,498469
SO456,Ad quia voluptatem.,At.,0:06:00,672053
SO457,Mollitia eius.,Reiciendis.,0:06:00,240557
SO458,Quibusdam consequatur quae.,Et.,0:06:00,196996
SO459,Aut minus.,Provident eius.,0:06:00,24400
SO46,Eaque voluptate.,Eius.,0:06:00,118244
SO460,Officiis qui quia.,Possimus.,0:06:00,831578
SO461,Sint quas.,Sint sint.,0:06:00,867006
SO462,Fugit in harum.,Eveniet.,0:06:00,629897
SO463,Et voluptatem.,Et.,0:06:00,183790
SO464,Omnis rem.,Et culpa.,0:06:00,818998
SO465,Suscipit autem.,Deleniti.,0:06:00,470271
SO466,Mollitia blanditiis laudantium.,Voluptatem.,0:06:00,695658
SO467,Deserunt quidem incidunt.,Dicta.,0:06:00,33791
SO468,Et quasi.,Ut vitae.,0:06:00,743570
SO469,Quod odio.,Rerum.,0:06:00,925318
SO47,Est tenetur ut.,Cupiditate.,0:06:00,868569
SO470,Possimus est.,Velit.,0:06:00,289786
SO471,In delectus.,Dignissimos quia.,0:06:00,630595
SO472,Nam iure quo.,Omnis esse.,0:06:00,718350
SO473,Enim et nobis.,Quasi.,0:06:00,775069
SO474,Autem ut.,Modi.,0:06:00,907747
SO475,Repellendus sit molestiae.,Asperiores autem.,0:06:00,276617
SO476,Cupiditate autem non.,Esse.,0:06:00,921484
SO477,Fugit quia.,Non nobis.,0:06:00,392820
SO478,Esse aspernatur occaecati.,Consectetur.,0:06:00,950870
SO479,Magnam error.,Ea blanditiis.,0:06:00,440785
SO48,Itaque iusto quia.,Id maxime.,0:06:00,444668
SO480,Officiis alias id.,Quas nostrum.,0:06:00,670619
SO481,Vel sit voluptas.,Minus.,0:06:00,48017
SO482,Voluptate qui est.,Et aut.,0:06:00,518676
SO483,Possimus et ipsa.,Hic voluptatibus.,0:06:00,823527
SO484,Aut officia et.,Voluptatem ipsam.,0:06:00,410168
SO485,Ea architecto et.,Vel.,0:06:00,39903
SO486,Facilis labore.,Eius.,0:06:00,795436
SO487,Laborum explicabo.,Consequatur molestias.,0:06:00,861737
SO488,Odit officiis.,Pariatur.,0:06:00,895592
SO489,Reprehenderit aliquid in.,Laudantium.,0:06:00,466789
SO49,Nemo debitis.,Vel.,0:06:00,839663
SO490,Porro fugiat est.,Enim.,0:06:00,454612
SO491,Rerum omnis.,Dolorem quo.,0:06:00,536444
SO492,Voluptas non.,Laudantium corrupti.,0:06:00,895627
SO493,Aliquid provident impedit.,Id explicabo.,0:06:00,644542
SO494,Tempore qui.,Deserunt.,0:06:00,963179
SO495,Odit voluptas asperiores.,Sit magnam.,0:06:00,884982
SO496,Id alias animi.,Ullam.,0:06:00,328625
SO497,Eum nostrum dignissimos.,Molestiae sit.,0:06:00,844450
SO498,Alias est explicabo.,Ab quisquam.,0:06:00,378414
SO499,Consequuntur sunt.,Rerum.,0:06:00,414067
SO5,Dolores ea neque.,Aliquam.,0:06:00,995043
SO50,Est nulla et.,Omnis officiis.,0:06:00,471923
SO500,Sed ea.,Sed est.,0:06:00,440245
SO51,Hic omnis doloribus.,Beatae.,0:06:00,872872
SO52,Ex itaque rerum.,Accusamus ut.,0:06:00,268891
SO53,Quibusdam ipsa.,Error.,0:06:00,920306
SO54,Ut voluptas.,Soluta.,0:06:00,301414
SO55,Modi aperiam.,Cum.,0:06:00,49078
SO56,Quae minus.,Beatae qui.,0:06:00,350124
SO57,Vitae est impedit.,Ipsam.,0:06:00,900358
SO58,Qui aut ut.,Corrupti saepe.,0:06:00,631281
SO59,Dignissimos sit enim.,Quos voluptatibus.,0:06:00,427176
SO6,Ab hic.,Dolorem.,0:06:00,798103
SO60,Dolorum iusto dicta.,Eius non.,0:06:00,180177
SO61,Consequuntur consequatur voluptatibus.,Ipsum omnis.,0:06:00,535595
SO62,Expedita natus.,Saepe nobis.,0:06:00,671033
SO63,Rerum doloribus.,Temporibus qui.,0:06:00,13150
SO64,Qui aliquid.,Distinctio.,0:06:00,185933
SO65,Rerum numquam.,Voluptate illo.,0:06:00,318647
SO66,At reprehenderit temporibus.,Suscipit.,0:06:00,503764
SO67,Vel tempore.,At sequi.,0:06:00,867252
SO68,Voluptatem dolorem.,Voluptas.,0:06:00,609783
SO69,Voluptate distinctio doloremque.,Sed inventore.,0:06:00,312854
SO7,Doloremque vero nostrum.,Voluptatem.,0:06:00,812992
SO70,Labore molestias.,Sint.,0:06:00,373759
SO71,Qui numquam.,Natus exercitationem.,0:06:00,872917
SO72,Quo nesciunt.,Architecto est.,0:06:00,589410
SO73,Nostrum incidunt.,Excepturi.,0:06:00,500747
SO74,Et numquam.,Porro repellat.,0:06:00,264676
SO75,Debitis exercitationem officiis.,Doloremque ut.,0:06:00,507702
SO76,Incidunt alias magni.,Voluptates.,0:06:00,880058
SO77,Ut sit.,Ipsum velit.,0:06:00,615172
SO78,Dignissimos tempore.,Enim est.,0:06:00,46396
SO79,Quia doloribus.,Ipsam.,0:06:00,626183
SO8,Veniam qui aut.,Iure autem.,0:06:00,113000
SO80,Magnam id.,Provident rerum.,0:06:00,742586
SO81,Est repellat eum.,Nobis eos.,0:06:00,99769
SO82,Molestias saepe.,Soluta.,0:06:00,528722
SO83,Velit ipsam.,Quod fugiat.,0:06:00,461522
SO84,Repellat earum aperiam.,Quod rerum.,0:06:00,689411
SO85,Unde sit.,Omnis nihil.,0:06:00,555630
SO86,Perferendis est.,Iste.,0:06:00,502877
SO87,Sit ea voluptatibus.,Consectetur.,0:06:00,253653
SO88,Voluptas non itaque.,Ut.,0:06:00,679373
SO89,Et sed accusantium.,Assumenda.,0:06:00,900582
SO9,Explicabo doloremque.,Et id.,0:06:00,250672
SO90,Et rerum alias.,Totam aliquam.,0:06:00,411341
SO91,Ipsam ullam quis.,Blanditiis ut.,0:06:00,513155
SO92,Aut dolor.,Corporis quia.,0:06:00,318825
SO93,Cupiditate tempora.,Aliquam.,0:06:00,186227
SO94,Ut dolores.,Repudiandae non.,0:06:00,513315
SO95,Officia ratione.,Quisquam et.,0:06:00,273113
SO96,Iure temporibus.,Ut.,0:06:00,280170
SO97,A voluptatibus distinctio.,Eligendi.,0:06:00,758266
SO98,Et voluptas saepe.,Deserunt.,0:06:00,382883
SO99,Qui quis.,Dolor.,0:06:00,884566
