US1,Makenzie Pfeffer,harvey.hanna@hotmail.com,c035a5bfb14e0483fe7c957f9a743a6a8e77ad4a,778,892
US10,Ashly Kerluke,larkin.tad@hotmail.com,ac1080eb68e6324a21e8ef9de5079bdc10327703,35,196
US100,Lazaro Emmerich II,mckenzie.blaze@yahoo.com,3ad33fa12319db06f5b50622634bc4cb2735395d,95,233
US101,Lonzo Upton DVM,tristin.beahan@gmail.com,434bca73e66c65788db0295ace8fba30e64e22c1,514,56
US102,Maritza Runte,wboyle@hotmail.com,fef1b74011d596d6492d412d9ff80c4bdb877a69,293,123
US103,Christa Ortiz,destiney33@hotmail.com,edd9c96c75624819413ef47ffa251b8b9a3ecb8a,852,858
US104,Prof. Eloisa Eichmann PhD,herman.karen@gmail.com,05d53526702cdeafc8548994e49644c90f238da0,717,15
US105,Gino O'Hara,jlebsack@yahoo.com,cbb55d10a1a84586e74837faef2936fc248cb382,863,95
US106,Cristina Carroll,maeve69@yahoo.com,35756481ac5972014bf588fb4b0c59acec247971,463,221
US107,Eva Stanton,zula66@hotmail.com,930264f31f1e1e23c9ba6d3559550e5b24b28907,361,497
US108,Mr. Pedro Mayer,ali.jacobson@gmail.com,9a2f6972f51952a8430d125e81ee6023add324eb,683,239
US109,Mr. Parker Hoeger MD,marianne34@gmail.com,9ebd90437b63ad4ab8997827efb36a89c094eff4,656,534
US11,Avis Mayert PhD,taya.weber@yahoo.com,e8afe31e7e32bf01e0eb83d699161fd9895be145,241,322
US110,Paula Ledner,oran41@yahoo.com,a5985850cc1c63ec5f7df922d3fb85bcb13be317,174,781
US111,Sidney Carter,nratke@yahoo.com,5ecb97cb990d01733d61cc72e77ec2476f263dcd,346,196
US112,Nola Crona,fleta.swift@gmail.com,f33330a5abc292088d4a4134a60a1e4c64d4e6ce,662,531
US113,Ward Vandervort,franco.heathcote@hotmail.com,7c5187f1c01befcb9f333d2618441a6bdac32127,887,956
US114,Webster Gleichner,xjohnson@yahoo.com,200a9ddc253938af730443135ed44774eaee6cb5,681,583
US115,Reyna Stiedemann I,flatley.delilah@yahoo.com,008d68ddbb9f37ec1e6593f298407b1acd4b594b,931,809
US116,Mina Mosciski,zora83@hotmail.com,710045fd8ae2f2aa9fe3cd4cbde6424d22221978,587,107
US117,Lexie Hodkiewicz,runolfsdottir.zackary@yahoo.com,61cf2af50634a41cf9d76335fab16a4f6789331f,304,10
US118,Mr. Brayan Conroy,rempel.leta@hotmail.com,d32ac1428eeb85e78165050fb40126b251ddf1b9,171,262
US119,Ryann Wiegand,hudson.spinka@gmail.com,f18217661a2fe7641eb2cbf1ac29b671037b0956,694,267
US12,Santino Stokes,leonel.dickinson@hotmail.com,165f877434ef723b10f9461b16e4996f3b08fdd0,438,942
US120,Sheila Lueilwitz,adrain64@yahoo.com,f934d37f88054fa3b56a3925e8b2955b459f1e22,35,83
US121,Merl Hayes,brice.tromp@yahoo.com,8ed391e4c6c6967439346c31a2d413f93ebae8f5,127,688
US122,Prof. Curtis Schaden V,bogisich.kenneth@hotmail.com,83ee16100ab9c671ff88fc36234a57a1fc884d43,233,729
US123,Lenna McGlynn III,bprosacco@hotmail.com,a508277b85c3e7842265e74cc12ee5f0d156b7cc,650,995
US124,Santa Metz,joseph.gerlach@hotmail.com,663d57a7202affdd4cd12e1169399bdaa52cd693,237,116
US125,Shaniya Torphy,nicola45@hotmail.com,433a652380edac2eae2603ac8fda004f391427ec,909,873
US126,Mrs. Nona Lakin,clifford22@yahoo.com,c0f03b51ba1a340f11befebb540b8ff86491b2f0,914,805
US127,Tania Barton III,nikki07@gmail.com,efdd02264295da5d0195fa2ca557371c13f50cdd,142,78
US128,Paxton Hermiston,jakubowski.glenna@gmail.com,f0270fafdd8cdb79e644b75891b948f602dc25ff,539,827
US129,Maci Carter,kristina11@yahoo.com,4d590c29a5536d468a9b44b4eb1f8085a1d7e3f4,468,952
US13,Fred Grimes,pbreitenberg@hotmail.com,49415701ff28e1130841677bbcf832c45af56ca5,696,496
US130,Idell Gleichner,lucio67@yahoo.com,c2dbd92367235a64010500ff92ee3b21d8296e88,256,118
US131,Alvah Okuneva,ihackett@yahoo.com,d9d86e4ee381d65251edf1a40dd4a7fe13b64849,391,491
US132,Dana Senger,dale.hahn@hotmail.com,9314cdc75c13753185dc969e5fa4837a4557adbe,748,962
US133,Kailyn Mosciski Jr.,morissette.verdie@hotmail.com,caea5ace31ece6fe68a46d9e4a0c270652ac48ad,812,802
US134,Dr. Vance Quigley MD,powlowski.malika@hotmail.com,56bd274869767be51c2a75e0f0f229370e806eda,408,163
US135,Soledad Hagenes,fdietrich@yahoo.com,3dcb4af6d1cf171452035ae05cc81b23d6708b75,859,618
US136,Bill Gottlieb,rbrown@gmail.com,4cd7aed0f06fb243a67bc161966673759c11d95c,640,316
US137,Mr. Brandt Nicolas IV,danyka99@yahoo.com,1be31aa564554be6baac2112247f02bf82aaa20d,776,986
US138,Ms. Alda Dach,funk.mauricio@yahoo.com,736879ef6c0824d752d7318269fb7ade22c9913f,790,300
US139,Prof. Addison Spinka MD,feest.randal@gmail.com,7105812f4a52452ae26903d895c988d7a11f2a54,387,807
US14,Mr. Jamey Stroman,jacques73@gmail.com,e6e653c2447b1b6cc08889508b18eb5307a88138,943,931
US140,Dawn Orn,ahmed12@hotmail.com,3e6c7df0528921d610b03457ded8d1c73a547a98,254,504
US141,Rozella Price,kpouros@gmail.com,dde047cc91d738c0f27957a26bb04a430ddde962,547,300
US142,Mr. Kim Berge,kareem24@gmail.com,af849a1c04a8044872d91f517ad595f00951bdf2,261,283
US143,Burnice Mosciski,rickey23@hotmail.com,3763f499ea0736a55d6bb0339ad5d3bd68cd3da2,310,591
US144,Prof. Dorthy Mayert II,agustina.schaefer@yahoo.com,18736b13ad8cc29d927604208d1fb1036881b53c,251,598
US145,Cordell Kub PhD,samson43@hotmail.com,69ded6259a7c8819068fe044f8e21bf03dc99f23,3,661
US146,Darrion Weber,winona47@hotmail.com,a2628b89dbe6499da7dd1ef73059d1039c02dd13,583,919
US147,Lenna Lockman,rbaumbach@yahoo.com,388c6d45a4eabc37c9e49111abe4ac33387e44bb,831,511
US148,Drake Waelchi I,jewell40@yahoo.com,2633354f2faebd502ef512fb47dfb8eb67c705f8,476,681
US149,Carlie Johns,sabryna.powlowski@hotmail.com,19bc9aa7d527b7a10e94d9aa30df8e767f7d90db,60,275
US15,Ms. Alison Purdy V,xborer@hotmail.com,635bab9b7babad3eb15178c2a6cfffcb423d8699,586,786
US150,Dr. Elissa Champlin,price22@hotmail.com,fefb0d77b538b548406e0ad504459acb4c8ed4a3,41,304
US151,Deon Reynolds,kshlerin.elias@gmail.com,c817040f64c31feb5a2584ec21c19daf09805e83,997,209
US152,Dr. Raul Lindgren MD,brigitte.spinka@yahoo.com,fe2d7cd55231671bae68475867533a40ca1624f7,575,482
US153,Leif Upton,laney77@yahoo.com,f36f0674223ee81b4eac56a7df2a8cdb391b1e22,615,958
US154,Lupe Willms,vemmerich@hotmail.com,2c0e440af2851ef7061d93a9e9dda54b0f30717d,231,414
US155,Prof. Nicola Metz PhD,kbreitenberg@yahoo.com,1bd82607d68bf746a71aefb3347fd55637d66349,401,697
US156,Urban Stroman,legros.emmett@hotmail.com,18707afcf4ac038e6cbc0b0815c29f54a526a28c,557,322
US157,Gerson Ratke,bennett92@yahoo.com,bbfa7fdc7c1a1c6b0a00b15530ccd307794af501,485,96
US158,Darrel Wintheiser,matilde.connelly@yahoo.com,b4e8a98f0455a78020d7ec4b96a88052cce29217,524,322
US159,Prof. Efrain Heller IV,sadams@gmail.com,490d02c7faddb845ce699aa2931083127a4efbb3,153,415
US16,Mr. Reilly Schowalter III,osbaldo59@hotmail.com,29856e21e89ca441e563df5bb14057533f126355,89,301
US160,April Shanahan,jeromy.trantow@hotmail.com,9931a5ffb10a2422d3b80bfc9bdc76ab35672acc,393,522
US161,Murl Denesik,lschimmel@yahoo.com,c5b1ff22d96aa751510a011ef292f2cc453c5e90,432,122
US162,Quinn Auer,kreichert@yahoo.com,f1aafadcee1a6793df9db1929ec10359e152c4d0,771,249
US163,Dr. Skyla Abshire,hilda92@gmail.com,ffbc9c5722d2ccbea768223049077157c2c10e75,786,798
US164,Joana Kunze,pbechtelar@yahoo.com,0e60bdc87daa0594d855fb0c7aff12fd3cdf7c84,259,839
US165,Roxane Fahey,hills.chaz@hotmail.com,527714c044b18a5b43cc4abdd93e4be077d135f2,986,972
US166,Mitchel Roob,giovanny66@hotmail.com,3cff1289981edb65dcb1a50c3b38912eb3543724,321,851
US167,Marcelo Fritsch,maritza14@hotmail.com,9e3c0eaef7856f18de0276e60e7e91f440591bdd,271,883
US168,Prof. Favian Ferry,considine.maurice@hotmail.com,9b6060d6deed714f8f1d7b599d4db97752d2afdc,156,833
US169,Edyth Pouros,mable.reynolds@gmail.com,003c155942ded36c2d9e3d23e78c0e36ca78da1d,67,439
US17,Miss Sarina Gusikowski,sunny29@gmail.com,a56028dff4a754eb71bf7bb7d8597cf934c74049,680,116
US170,Ms. Aiyana Durgan II,jaylon89@gmail.com,86ffd8c85d48fb046886cfc71a516bee8e0192ed,704,156
US171,Jarrett Terry,nolan.alexander@hotmail.com,524aec6862d9504aa491f7357b4b90c8c3fc90ae,464,114
US172,Carmel Grady,xhoeger@gmail.com,babf01ce91e9901b37159ed8dd3ca32400dc0988,416,789
US173,Prof. Duane Fritsch,earnest20@gmail.com,4ae7f110db20deeb55634fa87274370aeef3c099,735,919
US174,Ayana Gusikowski,idickinson@yahoo.com,c19383daa1dfd3ffbaa52e59090dfcbe729742d1,4,638
US175,Dr. Nathanael Gerlach DDS,zulauf.jacquelyn@gmail.com,3fabcb9d7a2fba2f0e2467749e36fa574e2bef38,118,230
US176,Jonathon Runolfsson,srutherford@gmail.com,e41b0b3b16947daef7ba6fd0f28053a8eb987781,483,324
US177,Larissa Gislason,jesus.larkin@hotmail.com,fd381498d58cdc66b992b855952fd24804aa1a5a,139,370
US178,Keegan Weimann,upton.mekhi@hotmail.com,ce9e86825664293950a663e9a74f19b4d043163d,467,21
US179,Shayna Spinka,heaney.fannie@hotmail.com,ed7558c75093875999cf924ca66e1c467f23e7a7,36,685
US18,Madyson Leuschke III,etha01@yahoo.com,d365926f9a796642ac0f9b73d16f0b931d38fd2c,811,806
US180,Ashlynn Hand PhD,langworth.aurelio@hotmail.com,2f3efd91dd927bf53a5026434e8e7612235a363a,715,131
US181,Reinhold Medhurst,kling.kacey@yahoo.com,5e2d4f5f585b976692eaf92855b37537f7ef8eb9,89,92
US182,Mr. Jordon Hartmann Sr.,howe.elta@hotmail.com,b7732d2e69eb84e4985051b4e1a28df09492ed44,158,641
US183,Chase Hartmann,blick.hollie@hotmail.com,4b7b150c28fb8887f3be42ebfed22aed7451b82b,172,772
US184,Marco Stehr,gmitchell@hotmail.com,5fac024d40aa9c895b698a8318a61d74dfe31443,6,97
US185,Celine Gorczany,mnader@gmail.com,a7b0ec0e0d7496c478888a2f61145b1431e16408,206,399
US186,Jacky Langworth,urunolfsdottir@yahoo.com,1a75db7974decc888551a399e59b1af76e5c809d,766,702
US187,Ms. Mariela Conn,lenora38@gmail.com,9d0137c85e0fcf21b4df2d967377ece943ce5107,49,899
US188,Mr. Kayleigh McGlynn,bernardo10@hotmail.com,de350c0c5411b1ab9510bae3acd78d89249984ec,108,611
US189,Ezekiel Gerlach,towne.cornelius@gmail.com,5294767f6822276dbe457d4cf0211fd0e31530f5,342,935
US19,Owen Runte,stanford.bauch@gmail.com,07882d1754c3365cec17504072aeea3e33376dc6,979,668
US190,Heaven Bauch,jannie.skiles@gmail.com,6d666266ade058d0dae10aed4bad98af37b7ddad,301,232
US191,Stephania Deckow MD,ykilback@yahoo.com,6233a48095db348209c8a1990f3368840296e9e3,822,208
US192,Darion Boehm,ulices.block@hotmail.com,9bb6e6c5827e31af75da6248f6d12868ea94a2f4,155,390
US193,Vicenta Mueller,hudson.brian@gmail.com,5ccadf3e11c77cc9bb2d62a75e0772f6a861fb22,459,882
US194,Prof. Xander D'Amore,marilie56@hotmail.com,c0dfbb45197306db973bdcfb2809ddb57820dcd0,42,765
US195,Karlie Schneider,carmelo78@yahoo.com,a5d96b5c7deaf19b72f98ae21404e6cb01aed504,805,302
US196,Dr. Bettye Beer,margarete82@yahoo.com,e5997e7d0a1d3f87e0c2d2d570a6ebb2eba77249,856,580
US197,Hope Hartmann,wrowe@gmail.com,4d7e705b6a76f9be28ca792273226ca4c99856e5,716,102
US198,Mr. Rashad Gleichner,aiyana.klein@gmail.com,38b47d10bd816ff76ae2f3abbb72ebf1523be735,76,313
US199,Jaiden White IV,vbode@gmail.com,19be61a8452b7185c3ffc77dd05f5b96f39449f9,135,719
US2,Mr. Tanner Walsh,janick.abbott@yahoo.com,411b0051d157cace52f31e4096432eb312212940,362,536
US20,Mr. Coby Connelly,mweissnat@gmail.com,ac72f15b4a72bbbebe1dc988345357914dca29ce,476,488
US200,Miss Vella Jacobson MD,cicero.gislason@gmail.com,671736d81323423fe07545c2c110399815ab0f3f,728,64
US201,Prof. Jasmin Crooks IV,franco00@yahoo.com,5b8cde4352b9c9cd0295abfe5de7d28f2518295e,102,962
US202,Garth Lakin,winfield.quigley@hotmail.com,79852fe6c1e6a97733c8a9ece48e5246416b784e,276,978
US203,Ross Lang,white.doug@hotmail.com,45030eeac8978165c21b4b970ea3d9a3a9951707,798,348
US204,Jerome Pagac,cayla03@yahoo.com,7e6539cb2e66192231edb53ea83847c7a3aef461,325,15
US205,Braden Hudson,jennifer.gerhold@gmail.com,051ff16639421281f8b8cb1cbd6f7df2a2f5c636,816,310
US206,Brenden McDermott,jdare@hotmail.com,ac3ccac15cc74202c7be659195d204eb13678d38,727,698
US207,Alessandro Williamson,keara67@hotmail.com,fcbb5286b5fd57e259c8039a993af4eccce43dbe,138,168
US208,Dorris Hoeger,stuart.gutmann@yahoo.com,71cc50276df2de9be418266a0831aa9174c6a7d1,197,874
US209,Prof. Dedric Feil,eschumm@hotmail.com,f37549a899a762e0f58e2bffe0d368e2f2c6a9df,455,482
US21,Phoebe Connelly,xhyatt@hotmail.com,e068320fd57b53df25ad1588904a58d7b995a115,848,408
US210,Dr. Aditya Gibson,matt.ullrich@hotmail.com,75a478c8db12a31c21b49e28522c7adfda26e802,664,750
US211,Oran Greenholt,fisher.kayleigh@yahoo.com,0075c11c13a3c0ddf1e3f51049080ba73377ccd8,171,963
US212,Mrs. Amie Cruickshank,humberto49@yahoo.com,db62cd12e3dc853aeddd19fd0767b2aba848f5a5,44,116
US213,Ms. Jenifer Treutel V,mabelle.schoen@gmail.com,8183ee0dbd4eb5b6ea596102c2680ab506c81e7e,513,303
US214,Bertha Weissnat,cbalistreri@gmail.com,bdb37cbfb1a4ff89f8ba0de14b51a9d3dafc7096,485,22
US215,Ms. Lily Bernhard,zzulauf@yahoo.com,af61c570058e55fbeaf2a381b0f6e7bdc62b25ac,463,813
US216,Gussie Becker Jr.,lilla92@yahoo.com,6df6e52271084ab355cf6f97a2e568ac6443da6d,752,21
US217,Mr. Mohammed Johnson,irodriguez@yahoo.com,a1b27b752fdeb8eb8c604481109a5ac72632dcd1,523,876
US218,Claudie Ferry IV,mortimer.von@yahoo.com,2eff1a1ec394963ec8df7e7afdd43b5032605e2b,32,959
US219,Mittie Parker,sigmund41@hotmail.com,4b4fb9bbd4acc7cb0b25e53b9b3555c74dcc2951,250,352
US22,Vance Hansen,ceasar16@yahoo.com,c3be30f235af9247e1b9ae7aa738562b7e125843,14,769
US220,Kennith Luettgen IV,antonietta53@hotmail.com,8e1f6aef9f7535e13d91fce718882bc91f53310f,936,626
US221,Kristina Blick,stoltenberg.kirsten@hotmail.com,11fc4c60bb1385d2665f03ba2165b4d821bc1e06,859,719
US222,Miss Jeanie D'Amore II,hickle.kenyon@hotmail.com,568dc1d53b2539f0ab2c8885f2c5efe31e8f5a91,670,795
US223,Addie Steuber,dgoodwin@gmail.com,d4bfa162b328488e5d736973a3b8c923f18a24c3,656,942
US224,Mallie Howell,hjacobs@yahoo.com,09dd3c86a44296f1a99c0c530e705db1a024a7bc,461,978
US225,Albina Renner,hwitting@gmail.com,a1683c8282a27588e3eb8bd7d878b28abf1d2b57,538,879
US226,Callie Metz,baumbach.monty@yahoo.com,8b4f1211a6a3e2a18ddb5210e6285114d41446c3,224,402
US227,Gerhard Bechtelar,marielle.jaskolski@yahoo.com,ff412a8d8c784a057f33488ee635387148c0ff1c,156,751
US228,Perry Lindgren,arjun.goodwin@yahoo.com,339ebe53248dce5192be0bef84caec886b531532,529,200
US229,Mr. Porter Howe,emmanuel.carroll@gmail.com,2e42c8e8de01f1f43ed04321f11aafa5ad3e48f5,111,497
US23,Adelbert Kemmer II,allie76@gmail.com,4d050162bf625a2c0b1718914ec422f3031e59c0,916,127
US230,Nedra Nitzsche,walter.coleman@hotmail.com,63f1cbf286b68361b16c8a363d8f72868e0224a6,200,247
US231,Prof. Erich Waters IV,ambrose.kuphal@gmail.com,08fb573f6ca71d2a7532e07200a758daa2c80588,558,567
US232,Brycen Heller,gmckenzie@gmail.com,2da5640a409238946e55a643b39bbc1a97aac77b,116,631
US233,Reese Sipes,becker.carol@gmail.com,117a20108833a258900f5496ad84e07ff92fc1bb,696,640
US234,Dr. Donavon Spencer,bonnie85@gmail.com,8e723b573faec984b15099e6004699256927d87f,153,373
US235,Mason Hamill,zbradtke@gmail.com,5c1d07325810f9abb1ff7523ffae461f536915cf,940,205
US236,Macie Walker MD,bwolf@gmail.com,8ab19afb90e85d5217bbb0cc3c410f6c8a8f7fbc,714,644
US237,Blaise DuBuque,qbashirian@hotmail.com,88f83844d1591bf03f452c3104b184601c377db1,622,40
US238,Dawson Smith MD,dare.quincy@gmail.com,538774e8bd13bb701e4ba9d3aa4125a9595bd581,401,50
US239,Harley Witting,shanna35@yahoo.com,7c5029710573cea360dc3df4ac1604591b4c3d92,393,477
US24,Mallory Shanahan,ila.nolan@gmail.com,a3ea9e07bb2e8ab4f94eee615e776808f4b4f40d,864,77
US240,Petra Volkman,connelly.kamille@yahoo.com,bde95b176a0cde347dbd3066cfa75334b1a155b9,581,715
US241,Margie Cruickshank Jr.,parker.hagenes@hotmail.com,4293c7568d9662d4fb670636a1127e6a844cf1ae,385,767
US242,Geovanni Sawayn,ycasper@gmail.com,e1639681a1e0f2ccb6e48485f8e3187fbcb7f326,394,912
US243,Gordon Wehner,czieme@hotmail.com,bc4795e60fd9a6096af5eed75938e826e417b889,537,631
US244,Damion Nolan,uschaefer@gmail.com,15f6f17c16ceb1b8242c33c0569255144569d84f,514,151
US245,Mrs. Brooke Stroman,fletcher.o'connell@yahoo.com,c691faa16aeb8161f152b0762c00a2e5782c8d27,239,267
US246,Kane Prosacco DDS,fleffler@gmail.com,ac27e74d15e10fc505e0c3cee0a274a7219ff66b,937,30
US247,Mr. Sylvester Gleason Jr.,mkuhic@hotmail.com,b9d762f86c2f0aaf66a37d5270fbed8eaa2b9eb1,996,281
US248,Vivienne Wuckert PhD,brown.nienow@gmail.com,3d7672f47c8ce7eead7399eca04e2545b85311da,31,932
US249,Trace Nikolaus,elna04@gmail.com,5837a2647cf40dc639e6131f754bea65e1ea36c1,483,721
US25,Prof. Marcus Bednar Jr.,yrenner@gmail.com,88f3d71299c9adbc4af4db4a2fb3a57452c5b4eb,268,907
US250,Elenor VonRueden,wkiehn@hotmail.com,7be4f3674a3e2fd6c18979319c20d7a734f2dc3f,811,262
US251,Norwood White,jaunita.marvin@hotmail.com,5e85ce7db2557a18c7c8e5998221c7ef72b77375,328,100
US252,Estrella Wehner DVM,iwalsh@hotmail.com,f7b69009f7a90de7d698231446aa7701647a15f0,33,52
US253,Prof. Dario Wyman,laurie92@hotmail.com,451527517832cf86981011fc816f72666adbb807,203,40
US254,Braulio Kunze IV,bayer.bria@hotmail.com,32306a10f18f511e728f0467c1913b243cdae034,363,964
US255,Trever Schuster,elisa.gaylord@yahoo.com,b32f03f743e74e28d722e246343c1736d8ea5ceb,884,780
US256,Garrett Wintheiser,satterfield.garrick@yahoo.com,b74787bfa417b090fd5faadf0ad8c87bed52647a,226,529
US257,Catharine Hickle MD,kirlin.ardith@hotmail.com,f322befd5dc0ee11b393940019cf064abe6a3857,993,819
US258,Shaina Ullrich,keeling.dexter@hotmail.com,814582181a393ea2d30871b167533fc0440edfaa,112,102
US259,Mrs. Shaniya Stark,tcummerata@yahoo.com,b6d28c74a5a046dc48bd88d20762cbe7db546d7e,406,734
US26,Hugh Block,jhackett@gmail.com,280c757babbae9f448571e73af095981ca36c9b3,488,424
US260,Lauren Rogahn,martine44@yahoo.com,0ec857ee47a87a027f9cec8c4fd2dc92ca201cf4,470,171
US261,Magnolia Gorczany III,jjohnston@gmail.com,e006476c154ff96b4cd1d2fb19162bec690dd39b,99,860
US262,Boyd Dibbert,reese.schowalter@gmail.com,6ba920adf0d03c8130f583824aee7b9d2265eae1,473,181
US263,Janis Purdy,west.leonardo@gmail.com,9226941412b82f4f0e5db4ea13600c57b1495c60,834,121
US264,America Reynolds,sframi@hotmail.com,8fc3f60b2839ede73cad4c015b854cdc9a723ee6,84,550
US265,Darlene Schaefer,carolyne57@gmail.com,7a1e3ba4c6a65d784612e597d1141810604dde54,674,793
US266,Dr. Ana Streich Sr.,logan82@gmail.com,b807c057f2d1e6bd13d7b044f1630d2263282ffb,612,863
US267,Ashtyn Aufderhar,zboncak.richie@yahoo.com,9ace6eab63cfcbcaa6d10ed1137d41b35bc24e6f,131,503
US268,Mr. Philip Bergstrom Sr.,olin22@gmail.com,4cf07b27a4fb98df151b70fd07e043f9e3b5c1fa,533,963
US269,Prof. Jordy Jerde,grady.shane@gmail.com,e42c968f5d319d08a30cc9b6feb7e4278bb29ffd,905,694
US27,Angeline Metz,joyce.klein@gmail.com,7b99db0dd7089deb8d91dd8742cc34b2fd50a6b6,467,661
US270,Mrs. Carolyn Pouros DVM,nnitzsche@yahoo.com,52d5e85c6cdf55b510a5af40d29c9e7f6062da86,649,678
US271,Kendra Hermann,jasmin.morar@yahoo.com,3d781534b8c87a1b215914d6f2476b8423dc2553,518,371
US272,Ms. Flo McClure,casimir.kovacek@gmail.com,316978545e7cf504877c377e511256b2f1a50364,592,768
US273,Octavia Wehner,ella96@gmail.com,5ba21ed119ce97f863608e87654f122ef25ca68e,713,40
US274,Dr. Claudine Deckow,ressie.hahn@yahoo.com,4a3cd85b2eeb797fe0acb26037cc9321fc16e24f,771,438
US275,Ida Crist,akuphal@gmail.com,56dd2aefb2e55e8c6fafe08febdfa3548d6d152b,317,336
US276,Jennie Senger V,delphia16@gmail.com,4da001ce44cb1d8c5e46e56a76d898188978100f,71,391
US277,Chase Feil I,daniella89@yahoo.com,74a876371b83cd87497e379f8be1de0844afadf8,268,334
US278,Adah Johnston,skiles.trent@hotmail.com,02e1ee8fc5fcfa66f7fb5517997272e37e330250,354,347
US279,Rae Gerhold V,eulalia.schimmel@gmail.com,ecd9f459a343ca744694d73c19953cb71f9fe0b1,5,851
US28,Timmy Abbott DDS,london05@yahoo.com,355767972ff37350e6f281bc12d50a6a0a46fb60,653,243
US280,Prof. Fleta Fadel Jr.,bahringer.russ@yahoo.com,c3cca597ceee54438cfa0cbaac6a25575088f651,11,382
US281,Marjolaine Kuhlman MD,hegmann.chauncey@hotmail.com,50ee250e88631aa6171327bb73f0799b082fb1ae,901,29
US282,Eloisa Prohaska,klangworth@gmail.com,0c127be599dab73183343e4c35a0d11a4b9c8ee4,69,996
US283,Lenore Spinka,america.green@yahoo.com,051fdd70e809361461e20834953ca6d9bbb2e51e,584,668
US284,Miss Anne Robel III,msteuber@yahoo.com,1784a575f7f283ae39f037517c269447e936e7d9,658,677
US285,Dr. Cyrus Emmerich,abbigail04@yahoo.com,0250b362562cac899b18f3bea48f1b20bba6f360,502,54
US286,Henriette Lueilwitz,donald.stoltenberg@gmail.com,cedd37e943187dd3af1ccccc4284ff39e598e374,920,331
US287,Alek Bergnaum,fahey.fabian@yahoo.com,18a7f181daaf35efe7fda5cf2d8719bef2a1abf2,214,350
US288,Zora Dickinson,jerad.schoen@yahoo.com,7de7dd30d22ebcfeff499a81b3e640f77349f68e,851,250
US289,Prof. Norval Pfeffer DDS,uvon@gmail.com,90c1d1e5814f86e752672ab6350bb4de14e18b54,95,465
US29,Dr. Kariane Wilkinson,crona.billy@gmail.com,69cfd64756b87e6d795ec3fa3aac390a51c70027,317,687
US290,Prof. Jevon Shields MD,qdubuque@yahoo.com,3962481403b68ea88b1baae73dafda5413a262f8,811,659
US291,Dolly Ferry,milford.donnelly@yahoo.com,d2c8e233d97d831e9997f18e5a12e608aec6a0c8,260,228
US292,Orpha Hilll,zsmitham@gmail.com,1f7b35739253612ee1ec72a159c7f6a560fbba26,926,232
US293,Fabiola Nienow,pmann@gmail.com,d8b5d351d6bd0beeb92b5d881301396170f2435b,513,789
US294,Taryn Pfeffer,terry.becker@hotmail.com,d0b1d1a7c9d135eb0e0294b7eef9edf8d2434987,278,486
US295,Quinn Mayert,xarmstrong@gmail.com,13f0c60edc0af9829e1289f7e3e72b93ba03f096,4,951
US296,Miss Clare Berge DDS,kaycee23@gmail.com,6befa38b88c273126b97b9b0b36c694743856003,377,7
US297,Dion Gislason,murphy.dubuque@hotmail.com,827b87b7cba3e1de27cf8a3fa5cff84d9c3f0cef,179,306
US298,Silas Conn,rath.broderick@gmail.com,9046baf89e2e515e1dfe5ed140c6fea1db188912,518,184
US299,Frances Raynor,rowland92@yahoo.com,d9db2082db0a5ac33eb6f5d460d551ee11c42f4a,147,733
US3,Maurice Heathcote,jensen47@gmail.com,74df490e772ba7345a8a750c28ad14314a2a73ab,12,814
US30,Mr. Alfredo Schuppe,whayes@yahoo.com,4e474d5291e205e32d37ee9e93f8b0ff259370e5,247,323
US300,Prof. Kaylee Goldner PhD,dmedhurst@yahoo.com,8f278439a25ee8dafb1a9a1670e1fd3237b5ca31,306,162
US301,Mr. Jerry Walsh DVM,tristian.boehm@yahoo.com,2332745de5c7bd74fea6cdda88b04bfbd606b495,727,931
US302,Dr. Sonia Barrows,georgette.jerde@gmail.com,9b17078a3a0c3cabf9560ed16b2c5c0cf199999c,394,430
US303,Alphonso Buckridge,xschneider@gmail.com,c8b6aea7bb7cc18b28e7b3a578de5ec33f3a3ff9,608,502
US304,Aidan Flatley MD,hyman.emmerich@hotmail.com,50efe2bcd37b615724568c34d000932ac81ff89c,771,114
US305,Monica Olson,vito.mccullough@gmail.com,389a6da52d07ed63b2f89c4116aee87eda93edb9,745,736
US306,Dax Dibbert V,sporer.demario@gmail.com,f7eb8402bccbe165605785b8a98ddffc9fc931a8,937,721
US307,Nathanael Jacobs,amelie.adams@hotmail.com,2977b61374c9efcacc7006786492b6212c50e67a,899,965
US308,Mr. Luciano Walter IV,lebsack.johann@hotmail.com,18ddf4a976bd357eb964d1575c35983c960f05b3,73,961
US309,Werner Heller,rosamond.daniel@yahoo.com,e58d642c4b4056286e28d1b05e21ec5d75c8ee21,146,536
US31,Mrs. Alexandrea Kunze II,roxanne45@yahoo.com,00a5758701c8e9c2d1e19383c488b3c541fb13bc,644,738
US310,Prof. Braden Schiller Jr.,hills.ed@yahoo.com,46f30d3b00f774260a4cae90586658669cb6540c,127,965
US311,Lamar Gibson,sincere77@hotmail.com,54ad324d01012c40b455fb81dc3d918017607410,564,850
US312,Otha Feest,juwan.reichert@yahoo.com,124ef36b6d212672742ae2dcedc5fb9f019f01a4,261,750
US313,Name Gottlieb,zcasper@yahoo.com,84eb6da75d3bab56109b2bd1cd4da894123ef600,256,481
US314,Aurelia Moen,antonetta.hickle@yahoo.com,705a778e0424e91e3f2c5c4d94bddd04e636156f,768,48
US315,Emery Lebsack,leuschke.nellie@hotmail.com,ffdca8ca1f018a9cfa6219142eaf6b81aa1104c9,724,909
US316,Naomie Kessler,peter.langosh@yahoo.com,f7a89da26e2aa94fbfa4f6596bc926ac84313103,670,903
US317,Cecelia Feest MD,miles13@gmail.com,dc43afacc7476f6c8f9834707fe3ec03103f5a79,348,257
US318,Willis Adams DVM,wzemlak@gmail.com,bda0854a7484af40e2fecbed5ad52525152f18dc,237,570
US319,Elliott Weber,cwilliamson@gmail.com,4a9de46926a623d88999c8f759e3a177fdff4c27,43,685
US32,Ciara Ankunding,bsatterfield@hotmail.com,c176001484442de9fb580cb64fadc4ca3285c339,792,685
US320,Ms. Mafalda Reynolds MD,willms.jakob@yahoo.com,40e4850440ef62f53892c1f8ec55a5f587b700de,46,942
US321,Ms. Rosemary Robel,olin.pfannerstill@gmail.com,9224b2f803f8943fd8001aca8dff39b9818d8ee9,792,473
US322,Ophelia Halvorson V,witting.kacey@yahoo.com,7cd3a6d19b56b4aae48305c29cb193d6678552e7,886,943
US323,Judge Swaniawski,amari.dibbert@gmail.com,54710bc9e93654525c9c4b5bc73aa4cdc8099cf6,933,360
US324,Ms. Loraine Turcotte II,rosina66@gmail.com,7fb6890e5c41fc34f5b378286c3e64957baf3425,912,847
US325,Alexis Doyle,gutkowski.jody@hotmail.com,7c817f9b54859cd7b0fcda64573feee3a5d3f14f,941,534
US326,Mr. Rosendo Langworth Sr.,arden.aufderhar@hotmail.com,3c32de61b752acee7db1ea997501e1ac7d2620df,771,477
US327,Jabari Gutmann,ole.gibson@hotmail.com,8b2516b73184bfb4a0fcef339b8ee412ab815f90,110,574
US328,Madalyn Dooley,thilpert@yahoo.com,693c61d382b371a1e536fc53c2214e54e4e18395,336,148
US329,Dr. Blair Jacobs V,rmayert@hotmail.com,b6923f3909d7651a037de2e338bb82201e49bc93,747,247
US33,Macey Trantow,zwilderman@gmail.com,bd1752f2af597e883cbc5ea8d34eadd482039670,202,144
US330,Michale Labadie Jr.,arnaldo13@gmail.com,b0fc1d9332b7c5163b829f8729c60a0e3ae326c7,546,564
US331,Maggie Crona PhD,whowe@yahoo.com,797a2734ef5f191338861de07f6e8368cb7d4635,857,496
US332,Mckenzie Sawayn,chaz86@yahoo.com,696ce4ad799d209374a0f8a36ce95bce83e34931,247,827
US333,Theron Kunde I,mariano.deckow@gmail.com,772ce97823e1b46300beebecefcd9d7783a1d2a0,159,196
US334,Prof. Fae Marvin MD,bernardo37@hotmail.com,cefe5445e4f96299a0b86196df6637fefb16dbcb,576,154
US335,Keon Considine,luettgen.roman@gmail.com,dda49980a98754f026fc63233ad519c8c8ca13cf,235,605
US336,Eusebio Ward,buckridge.magdalena@hotmail.com,deb34278edcb9c445bd84fd90e4f2b3e87f44da2,265,368
US337,Rosalia Lang,sanford.adella@yahoo.com,9990e8bfbbab1b75e67ff3eadd341d0eacec7c49,138,855
US338,Eldred Jacobi,kspinka@yahoo.com,30567e77c48d34223c10ec660555dba4f5aeabd9,135,846
US339,June Weber,bode.reagan@yahoo.com,2c5eb00824a73d1a38f18bb61687308736d5fa77,418,827
US34,Kayden Morissette,cassandra40@hotmail.com,6299e48c3602796c66f006142ad8acce69bfd44b,914,106
US340,Dane Klocko,tpollich@yahoo.com,dbe3d8c3129989ee5428e95ae1e4ba4d1a0ad8b4,104,587
US341,Dr. Barry Zboncak,qwiza@gmail.com,424399525b806078ec4e28caad2bb561f1d7cc55,83,654
US342,Jailyn O'Kon DVM,fjenkins@yahoo.com,85b68241b6c36f33a828f8f6b5a9d6148857f091,959,979
US343,Jakob O'Connell,helen11@hotmail.com,b081d192782c839a612bc9e0fff5072a25bef722,552,383
US344,Verner Mertz,donny38@hotmail.com,a2c5ff6ffd747f8ecfa4cce0c18de08284827443,158,940
US345,Meta Brekke,monica.zboncak@hotmail.com,a4fa72fbdc19e9ca8370862f9c8f03c06c49983e,597,595
US346,Lori Bernhard,bernita22@hotmail.com,ab3fd6723a1a33502fa17aef0483d355ca4f762f,421,434
US347,Ervin Mraz II,anna76@gmail.com,8a5491c07ff928ca987c1fea813f1b4c614249b3,281,100
US348,Daphney Nienow,daphnee.boyer@yahoo.com,26f06922e2bf946c205ce06f0705822fa0508020,24,189
US349,Helmer Beer,dulce93@yahoo.com,8eeb70291fee75d533e7c3cd980b502fe3a3e141,716,998
US35,Jakob Bashirian,sschulist@gmail.com,4b8cd572e2770765156a1460a0f5baf8052b0c67,82,137
US350,Laurianne Sporer,mwalter@hotmail.com,32a01a0647c2fa12a2f2c6eeafee52c3154f6bc3,988,610
US351,Jalen Ankunding,efrain38@gmail.com,e5af8cceb413242a17201090883ead305b3927c6,653,952
US352,Makayla Kozey II,theron.cassin@hotmail.com,9a7b6abe2d1ff1b4eaf95b4a789d9ce1f778d7ee,897,313
US353,Mr. Jeffrey Erdman,humberto00@yahoo.com,2318b5e1a5f51285c422d971ab788ce1420769d9,117,635
US354,Miss Lilliana Mosciski DDS,xswift@hotmail.com,ebf0751ab6c1e494ac910fd4f054bc6c5f4e22c0,578,44
US355,Breanne Zulauf,vbashirian@yahoo.com,c5f25cdd5493eeb82168e612790560156d290272,644,797
US356,Freddie Ruecker,marian02@gmail.com,59cb5e57ea3b17d5a9ef76dafeef77784018c12a,529,334
US357,Moshe Bergnaum V,elinore.eichmann@yahoo.com,51aa5301a2e235ad297278f81e5d64283cc853ae,608,628
US358,Madisen Rice,o'keefe.buford@yahoo.com,f3c4c561c00b101798e9879e1a12674cfa47a112,741,459
US359,Prof. Julianne Romaguera Jr.,christiansen.lue@hotmail.com,a5bd19fbbf248f95b3dae8cc70faca09b2a9de98,94,910
US36,Cameron Cruickshank I,cwiza@yahoo.com,3da265edebdd9d115ad73a805f5de54c039391dc,23,517
US360,Elsa Koelpin,corrine01@gmail.com,eed3e433a3ca2152446c3573542c2b8bb4f109e7,839,134
US361,Mr. Floyd Wilderman,lowe.mozelle@hotmail.com,cec612190b58f206357db40e59356f1a7b869fe1,977,450
US362,Dr. Lucio Schmitt,sritchie@gmail.com,8c0457fc0d88b4c17e2f54a1000474b2ff3c0ab4,520,350
US363,Eldred Heidenreich Jr.,rchristiansen@yahoo.com,e0c43a5c00f4a0af9c813509312f099aeeec4bf4,137,545
US364,Lambert Herzog,beahan.ara@hotmail.com,7643e534dd04ec0f74388ecf8e7f7664bf06ca15,490,146
US365,Frederic Kuvalis,alexandrine23@hotmail.com,a3d13e69f4a80e2adaffca6f64b2ef21f339543f,529,943
US366,Mr. Dario Langosh MD,sammie03@gmail.com,95faca8fe778dea6d9a1412e974a4a3ac6cc2b0a,521,60
US367,Cortney Schuppe,stehr.irwin@yahoo.com,00f6b4842f82a7847d8defc95d0df6c3060759cf,233,43
US368,Dr. Ola Braun IV,gavin.jacobi@hotmail.com,6ed69639776c19c429268265bf4b7145292a2648,7,993
US369,Rylee Kovacek,shanon44@gmail.com,df110a4498747c7d9de4702b5afb52b6fb2637b8,672,722
US37,Hillary Lemke,jacobs.kip@yahoo.com,86a2167e9b11850e40e1435c7d663717fbc63171,443,531
US370,Faye Simonis I,sally96@hotmail.com,48360e48c946dfc1b876b0bd39b63aea558005e2,901,531
US371,Emilia Towne,jerel19@hotmail.com,7a1d1dabb838bedb8af7e8cec63dce884cb7268d,617,368
US372,Taylor Ritchie DDS,jessyca.huel@yahoo.com,411cd91ef4cb41b3806b05691c7c56ca3cea2542,994,221
US373,Prof. Cleve Schmeler Jr.,horace.macejkovic@yahoo.com,93f711f25459be6b8069b6ce930c43ef2e125607,43,922
US374,Mrs. Marielle Glover Sr.,marjorie.pouros@hotmail.com,2a6b460f677c9a1149db33e9eab90d8def5f68ce,149,996
US375,Tremaine Corkery,rpaucek@gmail.com,17c80b855827e50dac6fd138a62e24838615920f,904,814
US376,Ashlee Gibson,merl92@gmail.com,1839a2fda4cc0198bdfaf2c1fd9969dd59cbe38a,172,22
US377,Mr. Guido Sporer DVM,alynch@gmail.com,b0d90bc3ecb7400b934dc57b4c6e73ef8cb5f522,603,17
US378,Candice Quitzon,jane.huels@gmail.com,d2110b16554ac0866a793dad2bda23554dc0f275,131,625
US379,Vincenzo Lockman,turner.leannon@hotmail.com,9d59e7daba3297b13187640fc030293ac2b38723,106,930
US38,Chester Hauck,lizeth01@hotmail.com,817b44db3c94749bbee9c2d1e75ea32d57dbd639,514,544
US380,Dr. Reese Kuhlman PhD,rosalind90@yahoo.com,3fb1b373bb3debbe3c87b3360eb6a7ee13e305a8,167,926
US381,Mrs. Aniyah Hermann,karina81@hotmail.com,f8f826ebe584f8396601879e4d36535649b81e3f,709,849
US382,Kirstin Hintz,elaina.paucek@hotmail.com,0e60d3743393bee881788523b98076facb16616b,122,62
US383,Dr. Loraine Bernier,leann93@gmail.com,a559c97877d1a5e4578efd4d2f7bf7ae43570976,976,588
US384,Lew Stroman,kyla.nikolaus@hotmail.com,01ce6401827494135db226a6afc065e236180eea,562,210
US385,Miss Maud Durgan,dortiz@gmail.com,34d9766e0d2d6d1ee2d25c931615636872ade435,355,573
US386,Rudolph Lehner,nels73@gmail.com,cc60ffd3d4f9d46d61d71729321d29eaf5810955,449,714
US387,Adrianna Ondricka,weimann.vita@gmail.com,609f0fb0252aa434cf16bd9ccdcfd00fc97363c7,791,822
US388,Dr. Lois Murazik Sr.,tessie.jacobi@hotmail.com,bb4bc2b702dc9a2314b99b73c7b1c09b1061bc31,45,6
US389,Dr. Lizeth Stanton V,dell.tremblay@yahoo.com,46bb59645e3316648aa6c53680c98abce1a5dcb5,380,561
US39,Rhea Hartmann,ephraim.feest@gmail.com,416c4be65270ea9babefd6dd755637a410ae3a28,789,129
US390,Miss Mariana Romaguera Jr.,consuelo57@gmail.com,e173b8dede8169c0faccf1cc1eae16e5ffbe883c,4,496
US391,Dr. Amiya Heller II,johanna.hessel@hotmail.com,b59fe80889390059d377d96c938aef0026b94b20,569,792
US392,Demetris Raynor,wwuckert@hotmail.com,d8c3b42ff429474d893eb3835d8fbdd81f290884,687,950
US393,Rachelle Haley,lucienne84@gmail.com,e709aee0f8eb6519f1f6f5f4ccc20481753b2399,546,430
US394,Allen Franecki MD,bernice03@yahoo.com,7469e9880be685c88ac798fec6fe086d51d8c5bc,60,254
US395,Ella Batz,nat13@yahoo.com,43af907f0511511218c0d08f32137fc75a5002f6,952,828
US396,Loy Greenfelder,price.towne@gmail.com,87d15d52efca16baef34cd4376da54c70bd2d319,923,528
US397,Camille Dare,brandon62@hotmail.com,ba333eeaaeb43fabf341307faa497d45ed684236,480,450
US398,Miss River Nikolaus,mosciski.joany@hotmail.com,ad89af779e6c1ee1ff82cf92235d7a657121ec8d,376,495
US399,Mrs. Nannie Kunze Sr.,bosco.adrien@gmail.com,ed41e7dcd20c7410701f02660e369af894355c1a,51,712
US4,Alene Roberts V,cschmidt@hotmail.com,45314bbe17021fdddf1c59dc04e422e37ead157a,689,315
US40,Brigitte Gulgowski,zebert@gmail.com,8096937675f4e2d4428f791a9b9435fdcaa5679b,850,850
US400,Lulu Wiza,dooley.saige@hotmail.com,ce00a770fa489dd737fce6a12ebf01377aa3665d,542,846
US401,Mr. Mallory Kohler,arempel@gmail.com,d112d80f1c63c29d4da7b0b7c594509da95735ab,285,370
US402,Miss Genevieve Fritsch,nconn@gmail.com,336010176d2b8f6bde2dd35586849e48dfb9103a,390,395
US403,Name Ferry,blick.julien@yahoo.com,acd05c5ae3c6b71f7aacfe29366326eb4c80684e,132,368
US404,Pedro Champlin PhD,vhansen@yahoo.com,67a7ba98a9061295a471d8836c3e45b53099a6af,887,737
US405,Zoie Bins,cade.gleichner@yahoo.com,ffd3534334b8bcbdba3c27d9c1057579de71cb29,567,140
US406,Leslie Marvin,crist.elmira@yahoo.com,acafe64d12673e7a80a66e4136541a4c51a3b625,647,447
US407,Maida Swift I,patrick.langosh@hotmail.com,a95d9b1f331bffde31ae619ea0ae8dd2a0977b2a,559,626
US408,Lula Wisoky V,gcummerata@hotmail.com,7ed2a22b8c365ab1f01a489f7c688cbc27f455f0,676,859
US409,Miss Noemi Littel,jeanne.schultz@yahoo.com,aff77dacee87ed919ee2b1f582f046e025e337a4,987,920
US41,Rosalinda Gusikowski MD,khirthe@yahoo.com,961a01d88327e7265293510b1131d5e7177fc9a6,216,545
US410,Ms. Jodie Emard III,mack89@hotmail.com,4068f4f6eb074a6bae620102e61de8cbac6b7bc1,594,167
US411,Pierre Shanahan,qschiller@gmail.com,f7c3d7a1f1511ce5e00201b10e3a049b958acfd2,182,358
US412,Ashtyn Pacocha,damion98@gmail.com,ed925130b6d0580ed6c10c10f785251d8fa6681d,381,914
US413,Miss Kiana Greenholt I,schaefer.javon@gmail.com,ac6f81d6d82f1492086140d36af0db69b356bd20,202,342
US414,Prof. Loyce Ullrich V,schroeder.marcia@hotmail.com,132b7afc192769b4c78b438ad0b4ad2877a717d5,72,183
US415,Zachary Heidenreich,elenora.botsford@gmail.com,fb4ae233f46de48e38135be70404ec33ecefb5f0,778,496
US416,Pearlie Stamm,timmy79@yahoo.com,225c28d432c6af69dcae52cc0d2ed27eb9a2714d,382,264
US417,Jaylan Prosacco,soledad69@yahoo.com,3742283e7adbf8f7e754768b1506da29aee42fe7,510,837
US418,Lilliana Legros,frida.goldner@hotmail.com,fe27513ecfe4b159dd973fce732876af2b22865e,260,140
US419,Cecelia Carter,willa.nitzsche@yahoo.com,a2d78271765a9db3d1f27407eceef162f10d5a47,964,520
US42,Christelle Kunde,xleffler@hotmail.com,5fb1f04dc25e6d224bc8829e856e73a967f85bf0,811,965
US420,Prof. Jaeden Schneider,carter.randal@yahoo.com,5eb897cc27e7a815ad720a3c4fd8ba9e13de511f,888,278
US421,Vicenta Lemke,misty79@gmail.com,3fe497d0af489092576fa9682eb79cbc72010a08,844,847
US422,Kelli Weber III,glen.auer@yahoo.com,d70a9229a7e874e2935631d79768f7d683688d8f,255,224
US423,Davonte Wyman,rfritsch@hotmail.com,3b9a15273c436b7600df18db7c6ca709290850f9,635,507
US424,Dr. Buddy Homenick III,rose83@yahoo.com,4e86c19fffc9132a75145cf0d30e5d1bf6dd3e75,12,769
US425,Ms. Magdalen Gutkowski,bbaumbach@gmail.com,a5044f5c9270e3c2b5e75fed8e9284a3086deb45,19,735
US426,Myrtice Herzog DDS,dena47@yahoo.com,6fc5b860e29eaf4dc69793240f1fb7ae86601292,519,639
US427,Eino Haag,meta39@gmail.com,60b24ab9fbf87359febfaed42945cad95cb4cdf0,176,165
US428,Lurline Shanahan,bins.darion@yahoo.com,0e40ba3fc76477dd76a2145c6a8285923d3dcbca,372,651
US429,Bailee Ledner,christelle.collins@hotmail.com,b2f38b2f4e1ad23cf61d9bff7033d04b24c627cd,893,799
US43,Ms. Arlie Morar,gadams@hotmail.com,3c42331683c012b4cd368b86fb14c7cdd6a86ffb,630,647
US430,Prof. Kenton Breitenberg V,shields.kaitlyn@gmail.com,3a7c3bf6a54d906844735b524d17a177a6eba833,921,866
US431,Marjory Grimes,urban75@hotmail.com,e1f81d83bafbdcae15ce2062f8a719d0145ca395,854,617
US432,Dr. Curtis Spinka I,johnathan45@hotmail.com,20255f037ea24f27314e1a0cd919297b45a09c28,485,623
US433,Eloise Beahan,hillard55@gmail.com,6a752d84ba5e90059754910a0926ccad57bf9e69,165,352
US434,Gunnar Bernier,hzboncak@yahoo.com,1a3e37714bb18d609eaab390d53423a8aa998e80,89,961
US435,Niko Lakin,bartell.hertha@yahoo.com,ed3a0e7a732b65bc6c00a63c13b400fe02292582,629,641
US436,Prof. Torrey Kuhn,prohaska.margret@hotmail.com,0c7d6879536b8404c62d7bb04c8d3ab8ea7807a2,328,322
US437,Ms. Lucinda Weber DDS,mckenzie.thurman@gmail.com,a69bd3279ad88b95278b20b65b8837f09a90c8fb,988,247
US438,Jaeden Mraz,dejon.hoeger@hotmail.com,fbd9ae0a5c2f2e1468beaf5af45732fce6baa306,278,842
US439,Leonora Powlowski,lou84@gmail.com,355d3652ad39148df152ef1e206adf47a183cd6c,508,576
US44,Mrs. Salma Kulas V,koch.sarina@hotmail.com,532d9b7c4f2b6edf5ea751470802d69922966d18,91,367
US440,Shakira Spencer,zbrekke@gmail.com,da4b81590d5ea64ae77c62b63a7c4b3f1a7c0af9,175,198
US441,Alfonso Murazik,rherman@gmail.com,babc0a194f17ec2cb691dfa872fe142a6bf31609,625,853
US442,Jamison White,vernie33@hotmail.com,afc2f1881699dfc0f9cae0cc99aadb1afcce2f1d,890,346
US443,Jade Bradtke,julien.marquardt@yahoo.com,4dddcc10222338a1bc63fde5ab2c3cdfbe442988,451,326
US444,Christ Hudson,zdubuque@yahoo.com,eced11bc6fbb59fcd753e1c9ab57453267190fc9,247,682
US445,Miss Hertha Harvey,gpouros@yahoo.com,5ccd8e8c16040554b69b2ab6cfa5c31a1e075e36,710,834
US446,Gilbert Ortiz,caterina.heller@yahoo.com,fe1743e9e8866a5461943123cad1d2e36e575812,260,945
US447,Reilly Prosacco,mayert.kaci@gmail.com,c5ea0e78d74493fa035f273c96ce78cf30a30490,756,316
US448,Yasmine Hayes Jr.,cemmerich@gmail.com,0da041ed7e338186326059ade0ef12cb3caa6bd1,147,539
US449,Beatrice Doyle,ryan.alessandro@yahoo.com,cf51e04f129e46c6165292f9bfc3f356c6f5f99c,566,768
US45,Crystel Breitenberg,sabryna47@gmail.com,73a5013735a6b8285fc08a04a1263525d0b34756,913,983
US450,Jaylin Botsford,fermin09@yahoo.com,274f09c81dd3986d7fe0e836e94e3f517885f63e,860,601
US451,Miss Chloe Zieme II,rhayes@hotmail.com,0f03bad29067842e8a9588555e9191313d04d0e6,846,90
US452,Minnie Hartmann,alice87@gmail.com,6d70849ea18aede3615063cf21caafb8ba0d40a7,549,798
US453,Theo Towne,nchamplin@hotmail.com,25ee3df0b45f6f9ad3835fdb28e3f62e3ff7c5f9,451,699
US454,Michelle Miller,grady08@gmail.com,76b25f507c42f626f8a17e15e0a048729fb7cb04,591,420
US455,Jordon Herzog DVM,lschimmel@gmail.com,f1b4e4b45d1c18c0d175c63e1fce87b40e569c6e,265,978
US456,Damion Greenholt,gmclaughlin@yahoo.com,e4165e353504021d51d29a5a0eaad6f0fa72518f,66,405
US457,Domenic Rath DVM,polly.moore@hotmail.com,8badd5c18984150131381ece53bdce0bd4b55e39,929,390
US458,Jaunita Hyatt,araceli.cormier@hotmail.com,94c5246839ff68b252b4b64b24dfcb2b127f9448,672,376
US459,Wilhelm Stracke,vmoen@yahoo.com,db36695338f6f90fedac25a25b968c938c9897f8,361,460
US46,Weldon Terry,vandervort.lexus@gmail.com,0eac5d0447af04f1aaf3c209445e25d359d8b26c,741,838
US460,Greyson Gerhold I,maryam76@gmail.com,df9108aeddec0dbf7ab0448f130fe1c4fb503f83,531,262
US461,Reinhold Hermann PhD,esta46@hotmail.com,681dc3e2dfff2979cf6d575c191bb3bdb5955d93,883,768
US462,Magali Mayert,feeney.durward@hotmail.com,89a209d25eb6ed9a1817544e8c3b40ef3cdb1734,784,243
US463,Kenna Kihn,wkeebler@gmail.com,6e4236e3c19d730e8170b58bb0b90ddeb6827d5b,377,65
US464,Mr. Unique Murazik,oliver65@hotmail.com,16007c93bfa8bd0756669a0464064d03d05e0a4e,210,968
US465,Estell Kshlerin,wellington92@gmail.com,7475d14921041ad5970076939f7d13caca455389,724,274
US466,Skylar Reynolds,molly.parisian@gmail.com,e37ff6d0a6c02fd2a65f6587a12485399f7063be,70,48
US467,Antonina Schimmel,ollie.tillman@yahoo.com,58ebae3f8a4d35c07dcd668c0bb6ef524d1bd1e8,453,786
US468,Catherine Sanford Sr.,nathanael93@hotmail.com,667817a6b976acd839fe6e5205e5283bd9929a9e,708,471
US469,Francisca Schultz,mmarquardt@gmail.com,ae44e3ace6d3ac31139c86cefa42c1679a6cf7d5,908,744
US47,Elvera D'Amore,zmarks@hotmail.com,29f28b3d7cc5464f7fab55094c04193560540ba4,476,561
US470,Muriel Medhurst,pfeffer.issac@hotmail.com,71c3be600abfccf32aaa9759b324b1ef8b13064b,857,666
US471,Kellie Spinka,runolfsson.emerson@gmail.com,80d49d41f5e757b186d646ac4a0ba8b1c9289d30,70,422
US472,Yvonne Nitzsche,ftromp@hotmail.com,361e518cd472499254c05d210a7471b2720885ae,19,187
US473,Geovanni Wiegand,kim.batz@gmail.com,7035fe7a9878b62dc4f550eeb7b2601d43ca1707,228,623
US474,Prof. Joseph Huel II,reta28@gmail.com,f0f9171cc13fcf33c9e07af8e15549afcf757fde,866,761
US475,Tressie Harris,kihn.otha@gmail.com,06c7ea7a7a01d53ecd62a9ccd94cd80828f010de,216,41
US476,Felicita Erdman,rodriguez.jordi@gmail.com,b31e2c5a3a64c6ba945c6643d8d5e550812f013d,539,489
US477,Evans Kreiger Sr.,madie34@hotmail.com,0f00e91e647067e09178f86f29c57f01913b44a3,281,675
US478,Floy Wiegand,langosh.georgiana@hotmail.com,64f5ac5b68df17f8dbcfff182e879c8955bbffdd,353,257
US479,Furman Kihn,rkoch@yahoo.com,c4c7fdb0980f6ac2a09d5acc92416088b4952a41,554,912
US48,Prof. Darryl Ferry,qyost@hotmail.com,656a24d7e0ab6c8bda4e05d0472973e87a1da99b,244,272
US480,Miss Shyann Strosin,stan90@gmail.com,69ba3ddc5c0688e03eaa77fddc0f88067bef3a12,562,725
US481,Lula Wiegand,cristian.lynch@yahoo.com,245b37cb908492e99dd7926b5d858f2064f491ec,510,569
US482,Prof. Joshuah Lowe Jr.,eula.brakus@yahoo.com,8a5b6bea31dce36f57a538f42b06d3ce779bc461,182,852
US483,Emerson Kris,botsford.marguerite@gmail.com,fd41bbad783512c30a8a4532f5c8e2f5d216e043,68,446
US484,Dedrick Witting,vhane@hotmail.com,6123354b0d08c07235caa3d7e2e557e8dc567232,226,821
US485,Nestor Gerhold,clifton.conn@yahoo.com,6be3c8829df8ae04caf7a3933e0347d79e891dbd,2,884
US486,Melisa Kulas,ortiz.geovanni@hotmail.com,220186aa2e4fd0b97909fabb6ae0a9c4db75f27d,670,673
US487,Carmine Schiller,dgoodwin@yahoo.com,e46db3e1727a8d2b1dfe85c3b61c123d8dd9486b,724,802
US488,Lilla Goldner,matilde.lebsack@yahoo.com,a964124e392fc3af475d5671259d650a719c62fc,654,44
US489,Lucinda Balistreri,demarco.murray@yahoo.com,c1b7517dc59dc2716af11cbd8ed4bd61d94453c5,394,164
US49,Branson Douglas,nettie80@gmail.com,ff750bea0578d768b7f8e02fae96a1f0f5379c38,241,850
US490,Erwin Dicki III,ana88@gmail.com,4c19aa573de231e571e4cb670131bb0afd4dfb10,306,460
US491,Nelle Morar Sr.,grant38@yahoo.com,23a0033027dc174dd86c7c13b91d500800434108,530,496
US492,Marlen Hills,lawrence62@hotmail.com,61e5a367b8f7575f52b4807d9e4b431922796beb,34,418
US493,Mrs. Drew Berge,ybradtke@yahoo.com,c04529a530eb723f91e500b845d254668aaa1975,666,65
US494,Cale Lindgren,adela78@hotmail.com,3b5e5407c048364ad5d68eb3cf141a19a7054cf3,246,193
US495,Alena Yost,ytrantow@hotmail.com,5588b68e8f422dc53baeb756fe03ef84af1b8310,828,350
US496,Khalid Wyman,kautzer.callie@gmail.com,0f215a63bd89b4760c3746f7ca0202d2c616f43f,632,454
US497,Marlene Botsford,carmine84@gmail.com,ccaa4a46ff5506d3d2d35d8d770930d357f145bc,918,357
US498,Connie Ebert,carroll.madison@hotmail.com,e8f5f423ba54a7912ef704b2530dd470754432e1,467,6
US499,Prof. Luis Bernier III,fwilliamson@gmail.com,a30e4b41aa316e02f0398945a9aac90b319b14dd,598,339
US5,Mellie Harber,raegan76@hotmail.com,fe6c4ca36f1260d80ac652b9208a9d24a50ea8d8,227,230
US50,Dr. Thomas Johnson III,rodger.spinka@hotmail.com,8b6402bdc0742977b13d3c441b55fa3dec72204f,406,896
US500,Jasper Keebler,hstroman@hotmail.com,6339d1b010f5495c6107352bdf8bbc2920f9ff3c,193,457
US51,Magdalen Rogahn I,sstrosin@gmail.com,4f09a22c68ff2f26369ed76eb086fb036a07a862,107,148
US52,Presley Ratke,madilyn.oberbrunner@gmail.com,9be87671fde3f070616e4cd31845ff2ca8d9acd4,512,635
US53,Miss Cathy Lind II,annette59@gmail.com,e4b27c11b6ab039f1ca1c29369b989b5f1a0e264,505,906
US54,Mossie Goyette,daugherty.audra@gmail.com,6f0826fc32a258018be17430e1edcf887f872970,649,137
US55,Garland Gibson III,legros.cindy@gmail.com,f248096b53c4ecc3e5c28443c57dd14ac6f30a21,713,306
US56,Garett Pagac,gutmann.natasha@hotmail.com,6efd158285e83d85277d798cce34609aa8c88d22,816,708
US57,Marie Sawayn DDS,rtowne@gmail.com,9b51b022b6343a3fbfae42544191307f18587aab,7,231
US58,Davion Witting,dusty79@yahoo.com,6f0aa06a5a66e9f930fe6e3a5ad1343116047aeb,362,226
US59,Kamron Schneider,verner88@hotmail.com,e9a813e746e39ac10b3c1d77e15041f75ebae84c,944,353
US6,Lavina Gislason,wendell07@gmail.com,babec0d7c9b802605cc1eb6fc54a523d0d893556,727,808
US60,Sylvia Ebert IV,ethelyn78@hotmail.com,b13326b6c8df7c79899ff55a3cc0b37e171e9add,784,4
US61,Makayla Schneider,fadel.teagan@gmail.com,2057c619d14ad357e861dc25454a98b0005596db,628,810
US62,Prof. Alexys Gusikowski,murphy.kennedy@yahoo.com,92b695f35d8f0698b26fac51898499c0d997e2bf,920,375
US63,Alexys Upton,mraz.shyanne@gmail.com,fbcfeb42e428dbdb1e72983bdd0bb3569251bf69,602,153
US64,Manuel Stamm,gerson.hane@yahoo.com,533f8141304bba1a7ddcff0f70e16dea16493c84,839,169
US65,Jarvis Roob MD,trace.jaskolski@yahoo.com,43f77111c81eda25837d4a6c57b241bacafebfee,252,16
US66,Ismael Welch,christiansen.cesar@hotmail.com,b83d62b53523ec8e8eefd625b4fa07c8a17251d7,777,211
US67,Jerrell Kerluke,mikayla.connelly@hotmail.com,1d135c0d12906aff1e404be879265b5978d41c98,216,633
US68,Prof. Magdalena Stanton Sr.,nfeeney@gmail.com,7b279a1f7139cdc34ac4a41ffd6e35d14b6108a9,310,374
US69,Catharine Lang,lowe.nels@hotmail.com,7bc83338d30688e43d143e2005b06e1b59ce3e9d,832,265
US7,Jimmie VonRueden,alvina27@yahoo.com,66296ac7c38cf234fd5c7333a8e1216c58807e15,447,158
US70,Miss Laurie Okuneva,jaron63@gmail.com,49089d50aad19141e6e6009bf771308c76315b46,204,605
US71,Osborne Dach Sr.,hills.conrad@gmail.com,d941e7b91829f639f24a6ef093f3d8d4369bef80,666,14
US72,Emery Williamson I,pcartwright@hotmail.com,75127ac8f311bd5c07aa1a3fa5f0089b26cb82a3,344,375
US73,Garrett Fay,upton.kristy@hotmail.com,a117cea02bcd28911b1a0a17e4e4542850eb275a,593,644
US74,Ms. Malika Buckridge,marques.bode@yahoo.com,edb85b22f9ae997df43435e0ff6e24ba23643cdd,148,807
US75,Paris Skiles,felton.koss@hotmail.com,85f164391b052c8ed5bc0fd9a5238af631af7cb2,483,768
US76,Taya Johnson,mfeest@gmail.com,be31b8affcb67b41a1c03b567594a205c5492748,945,307
US77,Mr. Brooks Pagac,harvey.sigurd@hotmail.com,a85f90167cc6e3df75fff40c0e05bf8a3507cf4e,149,398
US78,Ms. Agnes Fisher DVM,nicolette71@hotmail.com,3b2c08e048c2be2746757cbade0e0efb29268cae,169,127
US79,Sigmund D'Amore,braun.lia@yahoo.com,b31a2d8e6ce0b4c9133270ad511393f0fafe040c,846,854
US8,Verona Pfannerstill,rebeka74@hotmail.com,9bf2b1e152a229c1c0f955cab26d24eec8bdd751,337,498
US80,Alycia Waters,yasmeen67@gmail.com,fe579f6e941f921130fbbc293e8059b36eddd391,388,173
US81,Camden Bartell,nona.lehner@hotmail.com,a6e57a01756704c74926d089b0e769c93cd7f9d9,775,768
US82,Ocie Jakubowski,hyatt.arno@hotmail.com,a714f91c06e586089d91221e3f18e240eec71d64,770,582
US83,Laurence Bailey DDS,krajcik.cathrine@hotmail.com,4831e6592d74160b9250101d1974fed4c5d6ef54,342,490
US84,Elizabeth Kirlin,colleen.herzog@gmail.com,f6a78667134141418e424387526296ce0970c5ee,357,862
US85,Prof. Emerson Reynolds,hparker@yahoo.com,8d1b157fecb64995642184ed3cc76e1e330d17ac,848,306
US86,Prof. Santino Volkman,roma35@yahoo.com,e6ecddcfe04316349e19fb27d4609433dce45d28,475,384
US87,Valentine Little,lucile80@gmail.com,e347bd439dce3549422d68114491fd199ad5fa03,209,157
US88,Adrain Wiegand,von.golda@yahoo.com,de1438b0497c0775b04ca97726e8663d9cbc5d9d,474,337
US89,Samson Streich,maybell.homenick@yahoo.com,683c208d7875e1732865ea22b0ff3e335a351aad,17,680
US9,Yvonne Purdy Jr.,icollins@gmail.com,358487748fc43438686d2b6c18ed28507a566302,926,601
US90,Joyce Satterfield,mariane.halvorson@gmail.com,f0e1fc608a5ed6e8b842714b4951be9b1ac8ac24,521,746
US91,Mrs. Mathilde Borer,alysha50@gmail.com,f54fe57d2908c2f3da9b4cd3cb0f7b4200bb1aa3,405,820
US92,Prof. Elnora Rolfson,rdouglas@yahoo.com,0bd5985840733c49cb6816684e642fa1fb123b0f,881,557
US93,Mossie Kohler,trudie.rempel@yahoo.com,9d375453117b2fb72530256ba80b7f7469cb85de,79,810
US94,Mable Balistreri,cdare@gmail.com,a74eac03d434e22b663c5bb42fff506e85cc019a,607,982
US95,Aliya Kautzer I,frunolfsson@yahoo.com,d11d02cc15e0e7e0c84a49b54f73972bc844242e,878,69
US96,Annabelle Crona Jr.,hbins@hotmail.com,6792316ce00c079390a3c262c28547beefc1f801,681,682
US97,Ms. Alexanne Gaylord,jovany.vandervort@yahoo.com,f875317b4ea7b414c39d48f2f001aaac7bc493ea,878,953
US98,Adell Willms,ewiegand@hotmail.com,777b08f75e6a0da8d419f1ba5650fd8477a3e37c,804,603
US99,Ines Mosciski,titus.o'hara@gmail.com,ad9b39883df08adfb067878d3b73257ff7d20bc1,9,349
